"Fecha","Último","Apertura","Máximo","Mínimo","Vol.","% var."
"18.11.2022","8.127,80","8.107,00","8.127,80","8.048,50","178,69M","1,08%"
"17.11.2022","8.040,70","8.105,10","8.123,20","7.986,10","139,50M","-0,75%"
"16.11.2022","8.101,40","8.175,10","8.188,70","8.075,00","163,76M","-1,06%"
"15.11.2022","8.188,40","8.161,00","8.192,10","8.117,30","182,28M","0,27%"
"14.11.2022","8.166,50","8.123,20","8.210,80","8.110,40","142,67M","0,84%"
"11.11.2022","8.098,10","8.178,70","8.178,70","8.073,80","218,00M","-0,43%"
"10.11.2022","8.133,20","8.004,00","8.176,00","7.975,10","256,12M","1,15%"
"09.11.2022","8.040,40","7.983,40","8.061,60","7.968,10","161,11M","0,52%"
"08.11.2022","7.998,90","7.942,30","8.005,80","7.922,00","120,20M","0,46%"
"07.11.2022","7.962,30","7.910,50","7.990,00","7.893,20","138,36M","0,25%"
"04.11.2022","7.942,70","7.908,50","8.006,00","7.830,60","197,13M","0,94%"
"03.11.2022","7.868,90","7.897,50","7.897,50","7.798,40","140,56M","-1,25%"
"02.11.2022","7.968,60","8.017,80","8.018,20","7.960,60","144,93M","-0,38%"
"01.11.2022","7.999,00","8.011,80","8.073,90","7.971,80","146,53M","0,53%"
"31.10.2022","7.956,50","7.913,60","7.958,10","7.871,70","164,83M","0,51%"
"28.10.2022","7.916,50","7.859,60","7.916,50","7.832,60","185,93M","-0,06%"
"27.10.2022","7.921,10","7.846,90","7.944,30","7.798,90","202,34M","0,64%"
"26.10.2022","7.870,60","7.826,40","7.877,90","7.756,60","186,58M","0,97%"
"25.10.2022","7.794,90","7.716,50","7.803,60","7.675,20","149,34M","1,49%"
"24.10.2022","7.680,50","7.612,20","7.739,60","7.570,00","169,75M","1,79%"
"21.10.2022","7.545,60","7.586,40","7.592,60","7.449,60","245,06M","-1,29%"
"20.10.2022","7.644,40","7.584,70","7.660,70","7.552,10","178,42M","0,80%"
"19.10.2022","7.583,60","7.630,40","7.642,60","7.530,50","131,87M","-0,36%"
"18.10.2022","7.611,30","7.613,00","7.692,30","7.594,60","149,75M","0,72%"
"17.10.2022","7.557,10","7.416,10","7.589,10","7.413,40","166,45M","2,37%"
"14.10.2022","7.382,50","7.467,90","7.503,40","7.371,60","187,97M","0,46%"
"13.10.2022","7.348,80","7.234,10","7.385,30","7.189,60","195,47M","1,21%"
"12.10.2022","7.261,10","7.356,30","7.359,70","7.239,00","135,44M","-1,29%"
"11.10.2022","7.355,90","7.369,30","7.410,30","7.315,50","130,87M","-0,78%"
"10.10.2022","7.413,50","7.389,50","7.441,40","7.372,90","114,40M","-0,31%"
"07.10.2022","7.436,90","7.463,90","7.517,50","7.412,50","133,00M","-0,99%"
"06.10.2022","7.511,10","7.597,30","7.638,80","7.482,10","118,07M","-0,91%"
"05.10.2022","7.579,90","7.655,60","7.678,40","7.537,90","130,26M","-1,52%"
"04.10.2022","7.696,60","7.548,50","7.699,90","7.529,20","199,97M","3,14%"
"03.10.2022","7.462,00","7.327,50","7.472,90","7.288,50","155,77M","1,29%"
"30.09.2022","7.366,80","7.345,60","7.395,10","7.318,50","186,03M","0,91%"
"29.09.2022","7.300,10","7.407,40","7.416,90","7.242,20","185,71M","-1,91%"
"28.09.2022","7.442,20","7.380,70","7.448,40","7.273,00","217,52M","-0,05%"
"27.09.2022","7.445,70","7.564,30","7.587,60","7.436,10","199,71M","-0,84%"
"26.09.2022","7.508,50","7.534,20","7.589,20","7.473,50","190,14M","-0,99%"
"23.09.2022","7.583,50","7.770,80","7.770,80","7.527,50","215,67M","-2,46%"
"22.09.2022","7.774,70","7.776,30","7.897,10","7.753,60","182,96M","-1,24%"
"21.09.2022","7.872,20","7.803,40","7.896,70","7.790,50","157,20M","-0,01%"
"20.09.2022","7.873,10","8.020,80","8.064,10","7.873,10","157,29M","-1,50%"
"19.09.2022","7.993,20","7.957,80","8.023,40","7.911,00","110,51M","0,11%"
"16.09.2022","7.984,70","7.994,40","8.039,20","7.962,20","329,45M","-1,25%"
"15.09.2022","8.085,50","8.051,90","8.125,40","8.024,20","229,94M","0,37%"
"14.09.2022","8.055,60","8.070,30","8.124,50","8.024,00","160,07M","-0,10%"
"13.09.2022","8.064,00","8.229,00","8.235,80","8.054,70","192,03M","-1,59%"
"12.09.2022","8.194,30","8.087,80","8.212,60","8.077,40","173,42M","2,01%"
"09.09.2022","8.033,10","7.920,50","8.063,80","7.918,60","189,94M","1,47%"
"08.09.2022","7.916,80","7.902,30","7.933,30","7.772,70","206,75M","0,78%"
"07.09.2022","7.855,90","7.791,10","7.880,20","7.784,40","147,01M","0,17%"
"06.09.2022","7.842,20","7.868,00","7.935,90","7.813,60","125,30M","-0,26%"
"05.09.2022","7.862,70","7.801,30","7.867,80","7.765,50","119,38M","-0,88%"
"02.09.2022","7.932,20","7.843,80","7.943,40","7.796,70","121,21M","1,62%"
"01.09.2022","7.806,00","7.838,80","7.849,40","7.797,00","132,47M","-1,02%"
"31.08.2022","7.886,10","7.994,80","7.996,40","7.866,60","228,02M","-1,17%"
"30.08.2022","7.979,80","8.004,50","8.105,20","7.968,60","158,86M","-0,12%"
"29.08.2022","7.989,60","7.970,90","8.005,00","7.933,40","103,31M","-0,92%"
"26.08.2022","8.063,90","8.229,70","8.239,60","8.044,10","120,27M","-1,51%"
"25.08.2022","8.187,50","8.230,00","8.263,00","8.166,30","88,85M","-0,15%"
"24.08.2022","8.199,40","8.196,90","8.224,70","8.161,80","82,60M","-0,33%"
"23.08.2022","8.226,30","8.254,90","8.272,60","8.205,50","102,24M","-0,71%"
"22.08.2022","8.284,80","8.291,60","8.300,90","8.213,60","125,08M","-0,64%"
"19.08.2022","8.338,10","8.395,00","8.408,70","8.320,90","145,36M","-1,09%"
"18.08.2022","8.430,30","8.440,70","8.470,10","8.392,60","88,54M","-0,05%"
"17.08.2022","8.434,80","8.520,20","8.540,00","8.426,50","113,54M","-0,91%"
"16.08.2022","8.511,90","8.448,70","8.527,30","8.440,40","118,72M","1,01%"
"15.08.2022","8.427,00","8.423,90","8.429,30","8.384,40","82,28M","0,32%"
"12.08.2022","8.400,40","8.383,50","8.453,00","8.371,40","118,97M","0,24%"
"11.08.2022","8.380,00","8.386,00","8.420,40","8.368,90","104,91M","0,33%"
"10.08.2022","8.352,80","8.299,60","8.367,20","8.295,90","131,02M","0,49%"
"09.08.2022","8.311,90","8.260,00","8.339,60","8.245,60","115,02M","0,48%"
"08.08.2022","8.272,50","8.220,90","8.294,40","8.193,30","118,57M","1,28%"
"05.08.2022","8.168,00","8.151,20","8.198,00","8.120,50","144,26M","0,08%"
"04.08.2022","8.161,10","8.148,00","8.214,40","8.133,90","135,70M","0,23%"
"03.08.2022","8.142,10","8.092,60","8.161,30","8.066,30","146,69M","0,56%"
"02.08.2022","8.096,90","8.060,60","8.122,50","8.049,80","154,64M","0,15%"
"01.08.2022","8.085,10","8.161,90","8.230,70","8.071,80","162,09M","-0,87%"
"29.07.2022","8.156,20","8.140,30","8.207,80","8.134,10","249,07M","0,88%"
"28.07.2022","8.084,90","8.193,70","8.196,40","7.995,40","250,67M","-0,49%"
"27.07.2022","8.124,40","8.106,50","8.149,70","8.054,20","147,90M","0,68%"
"26.07.2022","8.069,60","8.063,10","8.097,00","8.033,50","129,25M","-0,20%"
"25.07.2022","8.085,60","8.021,90","8.103,40","8.015,70","124,36M","0,42%"
"22.07.2022","8.051,60","8.009,40","8.085,30","7.999,30","181,04M","0,49%"
"21.07.2022","8.012,70","7.981,60","8.105,70","7.970,30","218,62M","-0,20%"
"20.07.2022","8.028,90","8.156,80","8.173,30","7.989,60","176,08M","-1,18%"
"19.07.2022","8.125,10","7.920,40","8.161,20","7.912,70","201,69M","2,03%"
"18.07.2022","7.963,10","8.004,70","8.030,10","7.926,80","156,06M","0,22%"
"15.07.2022","7.945,90","7.821,30","7.969,30","7.806,20","197,82M","1,81%"
"14.07.2022","7.804,30","7.903,80","7.922,20","7.764,90","197,27M","-1,77%"
"13.07.2022","7.944,90","7.991,30","8.002,60","7.891,50","198,61M","-0,87%"
"12.07.2022","8.014,80","8.029,00","8.071,30","7.893,10","365,80M","-0,62%"
"11.07.2022","8.065,20","7.994,40","8.099,80","7.980,40","130,23M","-0,43%"
"08.07.2022","8.100,30","8.099,00","8.137,90","8.034,10","147,63M","-0,27%"
"07.07.2022","8.122,50","8.026,60","8.128,90","7.998,60","200,24M","2,19%"
"06.07.2022","7.948,60","8.040,50","8.061,70","7.939,70","249,44M","-0,14%"
"05.07.2022","7.959,40","8.191,20","8.209,50","7.959,40","193,25M","-2,48%"
"04.07.2022","8.161,80","8.226,20","8.240,40","8.161,80","117,45M","-0,17%"
"01.07.2022","8.176,10","8.043,00","8.206,90","8.027,30","150,84M","0,96%"
"30.06.2022","8.098,70","8.094,80","8.117,20","7.994,20","222,96M","-1,09%"
"29.06.2022","8.188,00","8.236,30","8.262,90","8.159,00","139,28M","-1,56%"
"28.06.2022","8.317,50","8.292,00","8.374,80","8.278,60","127,86M","0,91%"
"27.06.2022","8.242,60","8.266,10","8.309,90","8.185,50","132,60M","-0,02%"
"24.06.2022","8.244,10","8.129,50","8.262,30","8.108,50","174,31M","1,70%"
"23.06.2022","8.106,40","8.097,50","8.172,90","8.034,30","195,48M","-0,48%"
"22.06.2022","8.145,40","8.158,30","8.193,40","8.066,60","162,16M","-1,10%"
"21.06.2022","8.235,60","8.324,50","8.361,40","8.222,80","157,76M","-0,61%"
"20.06.2022","8.286,00","8.180,40","8.297,00","8.159,00","143,71M","1,72%"
"17.06.2022","8.145,90","8.107,60","8.236,00","8.025,60","395,31M","0,84%"
"16.06.2022","8.078,10","8.157,50","8.172,10","8.034,70","163,00M","-1,18%"
"15.06.2022","8.174,70","8.201,20","8.242,20","8.097,70","194,10M","1,34%"
"14.06.2022","8.066,40","8.229,20","8.280,40","8.066,40","175,61M","-1,43%"
"13.06.2022","8.183,30","8.312,90","8.312,90","8.159,00","266,91M","-2,47%"
"10.06.2022","8.390,60","8.662,00","8.671,30","8.362,80","271,50M","-3,68%"
"09.06.2022","8.711,20","8.812,50","8.836,30","8.707,80","174,01M","-1,49%"
"08.06.2022","8.842,70","8.876,70","8.881,60","8.791,00","145,18M","0,01%"
"07.06.2022","8.841,60","8.793,30","8.848,80","8.793,30","139,32M","0,06%"
"06.06.2022","8.836,30","8.785,30","8.852,30","8.768,20","124,14M","1,28%"
"03.06.2022","8.724,80","8.800,70","8.808,20","8.706,40","95,87M","-0,22%"
"02.06.2022","8.744,10","8.778,90","8.793,20","8.709,00","103,69M","-0,04%"
"01.06.2022","8.747,20","8.881,30","8.909,30","8.736,70","163,20M","-1,18%"
"31.05.2022","8.851,50","8.898,80","8.922,80","8.836,90","314,82M","-0,89%"
"30.05.2022","8.930,80","8.975,60","8.992,70","8.905,60","159,28M","-0,03%"
"27.05.2022","8.933,60","8.904,00","8.937,70","8.873,00","194,95M","0,50%"
"26.05.2022","8.888,80","8.787,50","8.901,20","8.780,00","203,82M","1,47%"
"25.05.2022","8.760,20","8.723,10","8.773,90","8.652,20","203,49M","1,49%"
"24.05.2022","8.631,20","8.537,80","8.654,00","8.534,30","207,03M","0,06%"
"23.05.2022","8.625,80","8.600,40","8.625,80","8.514,70","166,88M","1,67%"
"20.05.2022","8.484,50","8.464,90","8.546,90","8.456,10","172,38M","0,93%"
"19.05.2022","8.406,00","8.416,10","8.436,60","8.341,70","155,48M","-0,83%"
"18.05.2022","8.476,40","8.492,80","8.546,40","8.454,80","156,40M","0,01%"
"17.05.2022","8.475,70","8.422,50","8.488,90","8.409,40","156,30M","1,46%"
"16.05.2022","8.353,70","8.316,30","8.383,20","8.284,80","118,78M","0,19%"
"13.05.2022","8.338,10","8.263,40","8.338,10","8.244,70","148,60M","1,68%"
"12.05.2022","8.200,40","8.183,20","8.257,10","8.134,50","202,06M","-1,35%"
"11.05.2022","8.312,60","8.187,10","8.316,80","8.138,50","199,58M","2,13%"
"10.05.2022","8.139,20","8.219,30","8.259,00","8.138,90","204,42M","0,00%"
"09.05.2022","8.139,20","8.280,10","8.358,40","8.139,20","192,93M","-2,20%"
"06.05.2022","8.322,00","8.398,60","8.406,50","8.283,60","314,49M","-1,34%"
"05.05.2022","8.434,70","8.636,70","8.651,20","8.427,60","252,40M","-0,77%"
"04.05.2022","8.500,50","8.594,80","8.612,10","8.498,40","","-1,04%"
"03.05.2022","8.590,20","8.501,90","8.590,20","8.477,10","","1,83%"
"02.05.2022","8.436,00","8.516,60","8.563,20","8.350,00","","-1,73%"
"29.04.2022","8.584,20","8.572,10","8.617,30","8.526,00","","0,85%"
"28.04.2022","8.512,20","8.515,80","8.554,90","8.415,80","","0,41%"
"27.04.2022","8.477,70","8.458,80","8.506,90","8.344,90","243,35M","0,46%"
"26.04.2022","8.439,30","8.687,70","8.703,80","8.435,30","321,48M","-1,58%"
"25.04.2022","8.574,60","8.535,60","8.656,10","8.511,10","189,83M","-0,90%"
"22.04.2022","8.652,30","8.712,50","8.788,70","8.652,30","220,99M","-1,84%"
"21.04.2022","8.814,60","8.791,60","8.877,70","8.774,60","208,12M","0,51%"
"20.04.2022","8.769,50","8.713,40","8.816,20","8.706,80","188,72M","0,87%"
"19.04.2022","8.694,00","8.677,00","8.722,20","8.619,10","157,02M","-0,06%"
"14.04.2022","8.699,00","8.626,30","8.756,80","8.606,00","172,58M","0,94%"
"13.04.2022","8.617,80","8.533,40","8.617,80","8.532,90","161,72M","0,46%"
"12.04.2022","8.578,00","8.469,80","8.612,40","8.446,30","194,80M","-0,08%"
"11.04.2022","8.585,00","8.580,90","8.637,20","8.544,00","167,80M","-0,25%"
"08.04.2022","8.606,40","8.562,20","8.625,30","8.543,10","175,19M","1,64%"
"07.04.2022","8.467,40","8.512,70","8.635,20","8.451,00","223,34M","-0,17%"
"06.04.2022","8.482,10","8.600,60","8.635,60","8.418,00","273,33M","-1,64%"
"05.04.2022","8.623,30","8.529,80","8.640,30","8.505,70","180,39M","1,20%"
"04.04.2022","8.520,80","8.536,10","8.546,40","8.432,90","141,86M","0,20%"
"01.04.2022","8.503,70","8.481,70","8.533,00","8.442,80","150,41M","0,69%"
"31.03.2022","8.445,10","8.562,60","8.588,30","8.445,10","220,12M","-1,23%"
"30.03.2022","8.550,60","8.583,30","8.597,40","8.508,90","185,39M","-0,74%"
"29.03.2022","8.614,60","8.451,00","8.621,00","8.419,70","257,81M","2,98%"
"28.03.2022","8.365,60","8.354,40","8.485,70","8.354,40","167,96M","0,42%"
"25.03.2022","8.330,60","8.314,10","8.363,20","8.286,50","156,19M","0,31%"
"24.03.2022","8.305,10","8.352,10","8.380,00","8.274,50","175,54M","-0,28%"
"23.03.2022","8.328,40","8.509,60","8.522,20","8.328,40","184,04M","-1,87%"
"22.03.2022","8.487,20","8.415,70","8.487,20","8.400,70","176,35M","1,17%"
"21.03.2022","8.389,20","8.417,30","8.465,60","8.389,20","149,78M","-0,34%"
"18.03.2022","8.417,60","8.422,40","8.434,10","8.309,20","336,65M","0,07%"
"17.03.2022","8.412,00","8.409,50","8.445,80","8.317,40","243,53M","0,38%"
"16.03.2022","8.380,40","8.375,70","8.475,50","8.324,60","331,70M","1,75%"
"15.03.2022","8.236,10","8.150,20","8.286,70","8.092,70","238,01M","0,02%"
"14.03.2022","8.234,40","8.228,90","8.313,40","8.190,30","236,74M","1,13%"
"11.03.2022","8.142,10","8.115,30","8.375,30","8.068,10","333,21M","0,90%"
"10.03.2022","8.069,30","8.166,50","8.197,10","7.997,20","320,30M","-1,15%"
"09.03.2022","8.163,10","8.043,40","8.163,10","7.976,30","358,26M","4,88%"
"08.03.2022","7.783,40","7.569,80","7.923,70","7.566,10","372,80M","1,82%"
"07.03.2022","7.644,60","7.510,40","7.769,70","7.287,70","469,18M","-0,99%"
"04.03.2022","7.720,90","7.988,50","8.000,20","7.719,00","395,65M","-3,63%"
"03.03.2022","8.011,40","8.296,10","8.349,60","7.978,40","297,39M","-3,72%"
"02.03.2022","8.321,00","8.145,90","8.371,00","8.071,20","339,70M","1,62%"
"01.03.2022","8.188,20","8.462,10","8.510,30","8.188,20","360,18M","-3,43%"
"28.02.2022","8.479,20","8.302,80","8.500,40","8.286,90","396,64M","-0,09%"
"25.02.2022","8.486,60","8.242,90","8.496,50","8.188,10","381,38M","3,51%"
"24.02.2022","8.198,50","8.084,20","8.254,20","8.048,00","526,12M","-2,86%"
"23.02.2022","8.440,10","8.519,10","8.607,50","8.410,70","190,89M","-0,63%"
"22.02.2022","8.493,20","8.295,20","8.551,10","8.262,60","231,61M","0,05%"
"21.02.2022","8.488,90","8.638,80","8.666,40","8.439,00","164,76M","-1,18%"
"18.02.2022","8.590,00","8.678,90","8.708,00","8.564,10","189,69M","-0,94%"
"17.02.2022","8.671,10","8.713,00","8.749,70","8.631,80","171,63M","-0,76%"
"16.02.2022","8.737,20","8.735,30","8.798,00","8.678,20","171,25M","0,22%"
"15.02.2022","8.718,00","8.533,30","8.721,10","8.521,20","207,32M","1,68%"
"14.02.2022","8.573,80","8.583,90","8.643,20","8.504,50","310,66M","-2,55%"
"11.02.2022","8.798,10","8.797,30","8.833,50","8.766,50","213,21M","-0,99%"
"10.02.2022","8.886,20","8.871,50","8.912,20","8.819,10","281,27M","0,45%"
"09.02.2022","8.846,40","8.736,30","8.850,20","8.716,90","262,48M","1,98%"
"08.02.2022","8.674,60","8.576,40","8.702,30","8.572,50","282,90M","1,36%"
"07.02.2022","8.558,40","8.646,30","8.649,80","8.509,00","255,60M","-0,36%"
"04.02.2022","8.589,30","8.741,60","8.770,10","8.551,10","314,16M","-1,15%"
"03.02.2022","8.689,40","8.694,40","8.735,60","8.660,10","276,24M","-0,27%"
"02.02.2022","8.713,20","8.782,90","8.785,20","8.713,20","182,82M","-0,15%"
"01.02.2022","8.726,70","8.679,90","8.745,10","8.665,00","208,66M","1,32%"
"31.01.2022","8.612,80","8.697,10","8.705,10","8.564,60","213,54M","0,03%"
"28.01.2022","8.609,80","8.705,70","8.713,10","8.515,00","187,56M","-1,10%"
"27.01.2022","8.706,00","8.503,60","8.740,60","8.489,80","267,82M","1,00%"
"26.01.2022","8.620,20","8.526,60","8.696,40","8.525,60","206,01M","1,66%"
"25.01.2022","8.479,50","8.488,40","8.529,90","8.408,90","200,73M","0,73%"
"24.01.2022","8.417,80","8.660,00","8.673,50","8.361,40","275,31M","-3,18%"
"21.01.2022","8.694,70","8.702,30","8.760,80","8.622,10","227,84M","-1,36%"
"20.01.2022","8.814,60","8.783,30","8.825,70","8.737,80","162,95M","0,45%"
"19.01.2022","8.774,90","8.758,60","8.856,90","8.749,00","226,24M","-0,08%"
"18.01.2022","8.781,60","8.811,00","8.820,90","8.761,80","158,13M","-0,65%"
"17.01.2022","8.838,70","8.848,40","8.866,60","8.829,40","136,56M","0,36%"
"14.01.2022","8.806,60","8.767,40","8.810,10","8.739,70","158,55M","-0,12%"
"13.01.2022","8.816,90","8.755,90","8.817,10","8.750,30","155,32M","0,53%"
"12.01.2022","8.770,30","8.803,10","8.804,10","8.754,80","164,26M","0,16%"
"11.01.2022","8.755,90","8.726,80","8.790,00","8.719,00","169,26M","0,56%"
"10.01.2022","8.706,90","8.771,40","8.775,40","8.679,50","183,56M","-0,51%"
"07.01.2022","8.751,80","8.781,90","8.796,50","8.709,50","170,22M","-0,43%"
"06.01.2022","8.789,90","8.664,60","8.789,90","8.628,90","174,96M","-0,01%"
"05.01.2022","8.790,80","8.799,60","8.821,60","8.768,10","146,05M","-0,06%"
"04.01.2022","8.795,80","8.821,60","8.834,10","8.784,70","192,38M","0,39%"
"03.01.2022","8.761,20","8.729,70","8.808,10","8.725,00","117,50M","0,54%"
"30.12.2021","8.713,80","8.665,80","8.728,00","8.661,50","127,21M","0,46%"
"29.12.2021","8.673,70","8.691,50","8.697,60","8.641,30","110,78M","-0,17%"
"28.12.2021","8.688,90","8.623,50","8.703,60","8.617,00","90,38M","0,77%"
"27.12.2021","8.622,10","8.512,20","8.634,30","8.508,40","93,36M","0,68%"
"23.12.2021","8.563,70","8.476,80","8.587,70","8.469,70","142,49M","1,24%"
"22.12.2021","8.459,10","8.388,90","8.461,80","8.373,20","115,84M","0,85%"
"21.12.2021","8.387,50","8.344,70","8.394,20","8.274,80","143,38M","1,76%"
"20.12.2021","8.242,40","8.113,50","8.271,70","8.082,40","172,11M","-0,83%"
"17.12.2021","8.311,60","8.328,50","8.344,40","8.246,80","323,19M","-0,82%"
"16.12.2021","8.380,00","8.387,40","8.433,70","8.356,80","198,86M","1,27%"
"15.12.2021","8.275,00","8.382,90","8.382,90","8.268,00","147,41M","-1,24%"
"14.12.2021","8.378,50","8.358,80","8.411,70","8.356,20","163,94M","0,67%"
"13.12.2021","8.322,70","8.380,60","8.408,90","8.289,60","140,41M","-0,45%"
"10.12.2021","8.360,20","8.356,70","8.410,40","8.339,50","116,32M","-0,47%"
"09.12.2021","8.399,60","8.490,30","8.490,30","8.394,30","144,64M","-0,93%"
"08.12.2021","8.478,40","8.527,60","8.582,40","8.462,50","221,53M","-0,95%"
"07.12.2021","8.559,50","8.523,60","8.560,90","8.472,70","170,70M","1,42%"
"06.12.2021","8.439,70","8.323,80","8.446,70","8.288,60","143,54M","2,40%"
"03.12.2021","8.241,70","8.371,90","8.374,30","8.210,20","169,54M","-0,71%"
"02.12.2021","8.300,80","8.335,70","8.390,00","8.264,30","197,93M","-1,80%"
"01.12.2021","8.452,60","8.357,10","8.474,20","8.342,00","204,00M","1,78%"
"30.11.2021","8.305,10","8.345,50","8.414,00","8.260,70","369,40M","-1,78%"
"29.11.2021","8.455,20","8.487,60","8.562,00","8.431,70","240,65M","0,62%"
"26.11.2021","8.402,70","8.592,30","8.592,30","8.386,90","453,06M","-4,96%"
"25.11.2021","8.840,90","8.814,60","8.850,10","8.795,10","118,56M","0,56%"
"24.11.2021","8.792,00","8.827,50","8.865,60","8.759,20","174,08M","-0,26%"
"23.11.2021","8.815,10","8.763,00","8.873,40","8.700,10","196,12M","-0,07%"
"22.11.2021","8.821,30","8.774,10","8.846,30","8.737,30","204,21M","0,78%"
"19.11.2021","8.753,20","8.942,00","8.954,30","8.713,20","278,70M","-1,68%"
"18.11.2021","8.903,20","8.984,70","9.013,20","8.885,80","181,60M","-1,00%"
"17.11.2021","8.993,40","9.042,90","9.046,30","8.993,40","139,17M","-0,52%"
"16.11.2021","9.040,20","9.086,10","9.118,00","9.037,50","155,28M","-0,61%"
"15.11.2021","9.095,70","9.036,10","9.104,70","8.992,40","144,11M","0,16%"
"12.11.2021","9.080,80","9.079,60","9.093,60","9.045,20","119,66M","-0,13%"
"11.11.2021","9.092,20","9.127,90","9.164,10","9.079,00","150,33M","-0,54%"
"10.11.2021","9.141,80","9.059,60","9.150,70","9.059,60","146,84M","0,74%"
"09.11.2021","9.074,90","9.051,00","9.128,50","9.043,30","132,15M","0,05%"
"08.11.2021","9.070,80","9.133,10","9.156,60","9.069,50","135,35M","-0,65%"
"05.11.2021","9.130,60","9.038,00","9.164,10","9.001,20","193,27M","1,01%"
"04.11.2021","9.039,40","9.054,30","9.096,20","9.011,30","221,41M","0,10%"
"03.11.2021","9.030,80","9.084,50","9.084,80","8.989,50","162,88M","-0,82%"
"02.11.2021","9.105,70","9.160,60","9.162,30","9.102,00","130,17M","-0,84%"
"01.11.2021","9.182,60","9.064,60","9.198,10","9.061,60","164,89M","1,38%"
"29.10.2021","9.057,70","9.002,60","9.057,70","8.944,50","228,79M","0,35%"
"28.10.2021","9.025,80","8.958,90","9.030,20","8.918,00","180,33M","0,60%"
"27.10.2021","8.972,30","8.995,10","8.999,10","8.925,60","167,91M","-0,33%"
"26.10.2021","9.001,60","8.925,50","9.026,50","8.915,70","137,32M","0,90%"
"25.10.2021","8.920,90","8.932,80","8.963,70","8.891,90","159,72M","0,16%"
"22.10.2021","8.906,40","8.952,20","8.959,70","8.906,40","134,36M","-0,42%"
"21.10.2021","8.944,30","8.964,60","8.989,70","8.928,30","153,31M","-0,82%"
"20.10.2021","9.017,90","8.966,60","9.038,00","8.958,90","160,13M","0,24%"
"19.10.2021","8.996,30","8.959,50","9.020,00","8.943,20","160,87M","0,67%"
"18.10.2021","8.936,00","8.984,40","8.994,60","8.885,40","139,68M","-0,68%"
"15.10.2021","8.997,00","8.969,50","9.016,50","8.944,10","217,37M","0,81%"
"14.10.2021","8.925,00","8.944,50","9.001,20","8.889,10","155,21M","0,49%"
"13.10.2021","8.881,40","8.915,70","8.928,00","8.861,40","191,88M","-0,61%"
"12.10.2021","8.935,90","8.807,70","8.935,90","8.759,80","163,37M","0,41%"
"11.10.2021","8.899,00","8.929,40","8.965,70","8.875,50","125,07M","-0,63%"
"08.10.2021","8.955,00","8.964,90","9.000,80","8.931,80","141,24M","-0,09%"
"07.10.2021","8.962,80","8.880,60","8.974,30","8.877,20","201,22M","2,14%"
"06.10.2021","8.775,00","8.884,90","8.884,90","8.723,80","183,95M","-1,71%"
"05.10.2021","8.927,40","8.803,20","8.927,40","8.784,80","169,71M","1,54%"
"04.10.2021","8.791,70","8.801,70","8.882,10","8.770,10","149,56M","-0,09%"
"01.10.2021","8.799,50","8.693,40","8.807,70","8.654,80","182,24M","0,04%"
"30.09.2021","8.796,30","8.943,70","8.954,60","8.785,00","195,05M","-0,94%"
"29.09.2021","8.879,40","8.820,50","8.895,70","8.784,00","178,66M","1,25%"
"28.09.2021","8.769,40","9.014,30","9.034,70","8.769,40","207,45M","-2,59%"
"27.09.2021","9.002,90","8.925,10","9.011,90","8.881,20","203,43M","1,46%"
"24.09.2021","8.873,10","8.848,50","8.898,30","8.835,50","140,56M","-0,04%"
"23.09.2021","8.876,90","8.882,00","8.908,30","8.853,90","151,03M","0,78%"
"22.09.2021","8.808,40","8.826,30","8.841,00","8.772,60","173,51M","0,60%"
"21.09.2021","8.756,00","8.710,00","8.807,80","8.710,00","194,81M","1,16%"
"20.09.2021","8.655,40","8.643,70","8.690,30","8.551,20","277,15M","-1,20%"
"17.09.2021","8.760,90","8.789,70","8.858,30","8.760,90","588,04M","0,31%"
"16.09.2021","8.733,70","8.659,60","8.757,40","8.659,60","186,04M","1,14%"
"15.09.2021","8.635,40","8.756,70","8.772,60","8.629,00","178,10M","-1,65%"
"14.09.2021","8.780,00","8.801,40","8.848,10","8.751,70","128,77M","-0,41%"
"13.09.2021","8.816,10","8.724,20","8.837,60","8.721,40","115,68M","1,39%"
"10.09.2021","8.695,30","8.826,10","8.832,60","8.668,40","139,70M","-1,20%"
"09.09.2021","8.800,60","8.783,40","8.828,60","8.725,20","149,89M","-0,43%"
"08.09.2021","8.838,70","8.856,50","8.912,50","8.748,20","155,62M","-0,63%"
"07.09.2021","8.894,50","8.889,90","8.899,80","8.848,50","114,24M","0,14%"
"06.09.2021","8.882,30","8.889,50","8.915,90","8.874,30","67,76M","0,21%"
"03.09.2021","8.864,00","8.981,50","8.984,50","8.852,60","139,73M","-1,31%"
"02.09.2021","8.981,40","8.982,10","9.020,70","8.958,00","100,43M","-0,11%"
"01.09.2021","8.991,50","8.923,70","9.055,50","8.923,70","132,65M","1,64%"
"31.08.2021","8.846,60","8.880,60","8.913,20","8.783,30","185,16M","-0,24%"
"30.08.2021","8.867,90","8.925,70","8.936,20","8.853,00","54,12M","-0,61%"
"27.08.2021","8.922,20","8.899,10","8.924,10","8.848,90","74,73M","0,33%"
"26.08.2021","8.892,70","8.945,00","8.946,40","8.890,10","101,74M","-0,94%"
"25.08.2021","8.977,40","8.958,70","9.000,00","8.947,30","128,02M","0,32%"
"24.08.2021","8.948,60","8.996,10","9.010,90","8.884,30","101,64M","-0,22%"
"23.08.2021","8.968,10","8.973,40","8.989,90","8.910,90","91,09M","0,59%"
"20.08.2021","8.915,30","8.893,70","8.941,10","8.851,50","126,92M","0,15%"
"19.08.2021","8.902,20","8.839,90","8.952,20","8.809,20","137,59M","-0,76%"
"18.08.2021","8.970,20","8.852,70","8.978,30","8.845,90","112,29M","1,18%"
"17.08.2021","8.865,70","8.872,40","8.880,20","8.833,30","128,85M","-0,68%"
"16.08.2021","8.926,60","8.933,70","8.979,90","8.900,20","96,31M","-0,81%"
"13.08.2021","8.999,80","8.987,90","9.015,70","8.978,10","90,57M","0,23%"
"12.08.2021","8.979,40","8.974,10","8.999,60","8.961,50","98,15M","0,04%"
"11.08.2021","8.975,80","8.915,90","8.981,50","8.911,90","112,21M","0,86%"
"10.08.2021","8.899,00","8.867,60","8.903,20","8.842,40","106,39M","0,37%"
"09.08.2021","8.865,90","8.870,20","8.893,70","8.843,60","102,35M","-0,15%"
"06.08.2021","8.879,00","8.839,90","8.892,60","8.796,80","139,02M","0,48%"
"05.08.2021","8.836,50","8.780,00","8.842,30","8.747,40","108,95M","0,50%"
"04.08.2021","8.792,90","8.806,60","8.806,60","8.735,40","117,42M","0,23%"
"03.08.2021","8.772,80","8.780,20","8.824,20","8.735,60","131,90M","0,16%"
"02.08.2021","8.758,70","8.723,30","8.815,20","8.723,30","140,85M","0,96%"
"30.07.2021","8.675,70","8.737,50","8.753,50","8.665,70","203,15M","-1,26%"
"29.07.2021","8.786,30","8.765,10","8.840,70","8.753,80","188,72M","0,60%"
"28.07.2021","8.733,70","8.716,90","8.774,60","8.691,80","153,26M","0,40%"
"27.07.2021","8.699,20","8.723,70","8.768,50","8.651,70","131,61M","-0,87%"
"26.07.2021","8.775,20","8.655,10","8.786,70","8.630,70","136,52M","0,67%"
"23.07.2021","8.717,20","8.657,40","8.757,50","8.652,10","123,29M","1,11%"
"22.07.2021","8.621,80","8.604,10","8.683,70","8.601,50","140,85M","0,64%"
"21.07.2021","8.567,00","8.390,90","8.585,40","8.384,30","160,92M","2,50%"
"20.07.2021","8.358,00","8.337,80","8.384,80","8.265,60","155,55M","0,68%"
"19.07.2021","8.301,70","8.450,90","8.455,20","8.252,20","212,39M","-2,40%"
"16.07.2021","8.506,20","8.546,60","8.607,40","8.423,10","147,77M","-0,24%"
"15.07.2021","8.527,00","8.626,40","8.626,40","8.507,40","131,27M","-1,52%"
"14.07.2021","8.658,30","8.674,70","8.712,00","8.625,60","120,51M","-0,42%"
"13.07.2021","8.694,80","8.824,30","8.832,20","8.676,70","133,85M","-1,38%"
"12.07.2021","8.816,70","8.791,90","8.822,00","8.696,80","103,46M","0,46%"
"09.07.2021","8.776,60","8.680,80","8.780,70","8.654,50","141,62M","1,46%"
"08.07.2021","8.650,10","8.768,10","8.772,90","8.597,80","201,97M","-2,31%"
"07.07.2021","8.854,50","8.877,90","8.904,50","8.826,00","150,00M","-0,07%"
"06.07.2021","8.860,80","8.924,10","8.959,90","8.837,20","152,72M","-0,96%"
"05.07.2021","8.946,40","8.900,50","8.965,50","8.862,40","100,80M","0,44%"
"02.07.2021","8.907,60","8.951,70","8.968,10","8.873,60","115,69M","-0,28%"
"01.07.2021","8.932,30","8.862,30","8.957,80","8.862,20","122,72M","1,26%"
"30.06.2021","8.821,20","8.892,70","8.903,70","8.765,30","190,18M","-1,05%"
"29.06.2021","8.915,10","8.897,40","8.957,60","8.884,80","142,24M","0,02%"
"28.06.2021","8.913,70","9.075,50","9.083,50","8.913,70","152,78M","-1,99%"
"25.06.2021","9.095,00","9.101,00","9.107,20","9.034,60","130,34M","0,23%"
"24.06.2021","9.074,10","9.015,40","9.098,10","8.985,10","130,94M","1,34%"
"23.06.2021","8.954,10","9.072,20","9.092,70","8.954,10","112,81M","-1,10%"
"22.06.2021","9.053,30","9.073,70","9.073,70","8.998,80","137,67M","0,02%"
"21.06.2021","9.051,70","8.970,10","9.063,20","8.906,00","167,38M","0,23%"
"18.06.2021","9.030,60","9.166,30","9.185,40","8.976,40","452,78M","-1,80%"
"17.06.2021","9.195,90","9.178,80","9.272,00","9.170,70","203,70M","-0,07%"
"16.06.2021","9.202,20","9.266,30","9.274,60","9.201,00","161,80M","-0,31%"
"15.06.2021","9.230,70","9.310,80","9.310,80","9.220,70","119,44M","-0,54%"
"14.06.2021","9.281,10","9.238,70","9.302,70","9.233,00","135,89M","0,83%"
"11.06.2021","9.205,00","9.144,00","9.211,80","9.131,10","107,06M","0,78%"
"10.06.2021","9.133,80","9.190,80","9.205,10","9.113,10","154,77M","-0,24%"
"09.06.2021","9.156,10","9.157,20","9.185,00","9.128,80","124,75M","0,03%"
"08.06.2021","9.153,60","9.159,60","9.204,80","9.110,60","144,26M","-0,11%"
"07.06.2021","9.163,60","9.076,10","9.175,90","9.042,00","129,67M","0,83%"
"04.06.2021","9.088,30","9.144,50","9.158,80","9.071,20","131,21M","-0,59%"
"03.06.2021","9.142,40","9.179,80","9.189,40","9.086,60","164,22M","-0,42%"
"02.06.2021","9.180,70","9.198,30","9.216,00","9.152,00","137,51M","-0,10%"
"01.06.2021","9.189,70","9.167,30","9.226,80","9.137,20","143,12M","0,45%"
"31.05.2021","9.148,90","9.224,20","9.226,10","9.148,90","102,39M","-0,82%"
"28.05.2021","9.224,60","9.237,80","9.243,30","9.204,30","192,32M","0,42%"
"27.05.2021","9.186,10","9.183,80","9.254,70","9.173,50","325,44M","-0,12%"
"26.05.2021","9.196,90","9.232,00","9.243,40","9.144,90","160,83M","-0,13%"
"25.05.2021","9.208,70","9.220,90","9.245,60","9.197,00","147,29M","0,03%"
"24.05.2021","9.205,50","9.230,40","9.243,20","9.170,80","91,84M","0,02%"
"21.05.2021","9.204,00","9.129,60","9.223,90","9.110,60","175,41M","0,87%"
"20.05.2021","9.124,30","9.112,10","9.124,30","8.997,20","138,31M","0,59%"
"19.05.2021","9.070,70","9.121,40","9.164,70","8.977,90","200,25M","-1,23%"
"18.05.2021","9.183,90","9.214,20","9.241,50","9.127,20","176,04M","0,31%"
"17.05.2021","9.155,60","9.166,70","9.203,00","9.099,50","164,17M","0,11%"
"14.05.2021","9.145,60","9.036,30","9.149,00","9.005,90","161,36M","2,00%"
"13.05.2021","8.966,20","8.932,70","8.989,60","8.804,30","173,52M","-0,46%"
"12.05.2021","9.007,70","8.990,20","9.055,20","8.953,40","195,76M","0,23%"
"11.05.2021","8.987,20","9.065,10","9.078,70","8.948,10","232,09M","-1,72%"
"10.05.2021","9.144,30","9.121,50","9.149,10","9.061,10","237,08M","0,94%"
"07.05.2021","9.059,20","9.042,00","9.065,90","8.982,90","191,89M","0,86%"
"06.05.2021","8.982,20","8.982,60","9.010,50","8.912,20","188,33M","0,16%"
"05.05.2021","8.967,80","8.896,70","8.967,80","8.881,40","180,44M","1,56%"
"04.05.2021","8.830,40","8.906,00","9.002,40","8.811,90","231,90M","-0,71%"
"03.05.2021","8.893,70","8.821,60","8.904,70","8.796,30","150,40M","0,89%"
"30.04.2021","8.815,00","8.822,30","8.860,40","8.808,60","267,61M","-0,09%"
"29.04.2021","8.823,20","8.821,80","8.869,90","8.801,40","261,77M","0,27%"
"28.04.2021","8.799,60","8.779,10","8.815,90","8.717,60","218,20M","0,49%"
"27.04.2021","8.756,70","8.690,80","8.756,70","8.655,30","183,16M","0,63%"
"26.04.2021","8.701,90","8.629,90","8.714,60","8.590,60","163,00M","0,97%"
"23.04.2021","8.618,60","8.629,40","8.674,00","8.571,70","118,12M","-0,44%"
"22.04.2021","8.656,80","8.548,60","8.656,80","8.527,50","136,38M","1,61%"
"21.04.2021","8.519,80","8.492,90","8.566,30","8.426,20","175,19M","0,71%"
"20.04.2021","8.459,40","8.699,40","8.703,90","8.450,70","214,62M","-2,89%"
"19.04.2021","8.711,40","8.613,80","8.741,40","8.609,30","171,38M","1,14%"
"16.04.2021","8.613,50","8.585,00","8.656,40","8.553,60","176,86M","0,49%"
"15.04.2021","8.571,60","8.603,10","8.621,90","8.564,70","146,07M","-0,20%"
"14.04.2021","8.588,40","8.532,60","8.595,70","8.510,10","133,52M","0,74%"
"13.04.2021","8.525,10","8.533,20","8.568,30","8.467,30","152,57M","-0,09%"
"12.04.2021","8.532,60","8.556,10","8.556,90","8.481,00","131,41M","-0,39%"
"09.04.2021","8.565,80","8.639,30","8.647,40","8.565,80","133,46M","-0,83%"
"08.04.2021","8.637,80","8.626,50","8.637,80","8.564,40","165,76M","0,47%"
"07.04.2021","8.597,40","8.648,30","8.661,80","8.592,20","137,39M","-0,43%"
"06.04.2021","8.634,60","8.673,20","8.691,90","8.615,50","201,72M","0,66%"
"01.04.2021","8.577,60","8.595,60","8.610,10","8.542,70","150,98M","-0,03%"
"31.03.2021","8.580,00","8.594,70","8.652,20","8.568,00","265,54M","-0,18%"
"30.03.2021","8.595,20","8.542,90","8.612,30","8.532,40","171,86M","1,21%"
"29.03.2021","8.492,10","8.502,80","8.540,40","8.451,50","177,59M","-0,07%"
"26.03.2021","8.498,20","8.480,50","8.528,80","8.437,80","233,90M","1,05%"
"25.03.2021","8.409,50","8.420,30","8.439,20","8.299,70","161,36M","-0,41%"
"24.03.2021","8.443,70","8.351,30","8.443,70","8.288,80","187,92M","0,64%"
"23.03.2021","8.390,30","8.316,70","8.425,90","8.274,20","203,40M","0,56%"
"22.03.2021","8.343,50","8.430,20","8.432,60","8.324,80","229,08M","-1,76%"
"19.03.2021","8.493,00","8.560,10","8.591,20","8.465,90","375,05M","-1,53%"
"18.03.2021","8.624,60","8.632,60","8.658,80","8.587,10","237,34M","0,29%"
"17.03.2021","8.599,50","8.652,10","8.659,10","8.570,10","173,24M","-0,67%"
"16.03.2021","8.657,70","8.679,40","8.717,60","8.617,80","209,94M","0,26%"
"15.03.2021","8.635,40","8.689,90","8.740,10","8.617,60","210,89M","-0,11%"
"12.03.2021","8.644,50","8.570,00","8.644,50","8.554,40","149,11M","0,60%"
"11.03.2021","8.593,00","8.567,60","8.609,50","8.495,80","189,02M","0,80%"
"10.03.2021","8.525,20","8.479,50","8.561,10","8.462,30","203,75M","0,34%"
"09.03.2021","8.496,40","8.446,30","8.516,20","8.416,00","281,90M","0,62%"
"08.03.2021","8.444,20","8.358,00","8.458,40","8.307,50","235,09M","1,90%"
"05.03.2021","8.286,80","8.322,10","8.387,10","8.239,70","259,82M","-0,80%"
"04.03.2021","8.354,00","8.285,10","8.382,20","8.273,90","207,04M","0,30%"
"03.03.2021","8.329,30","8.397,60","8.466,60","8.278,50","240,92M","-0,32%"
"02.03.2021","8.355,80","8.360,90","8.436,50","8.328,60","177,71M","-0,27%"
"01.03.2021","8.378,10","8.324,60","8.395,90","8.291,30","182,10M","1,86%"
"26.02.2021","8.225,00","8.218,60","8.377,10","8.166,30","291,87M","-1,12%"
"25.02.2021","8.317,80","8.331,20","8.387,00","8.310,70","309,76M","0,58%"
"24.02.2021","8.269,60","8.266,60","8.311,50","8.205,20","225,85M","0,21%"
"23.02.2021","8.252,10","8.128,00","8.259,90","8.107,60","293,16M","1,72%"
"22.02.2021","8.112,20","8.119,60","8.126,30","8.045,30","221,47M","-0,48%"
"19.02.2021","8.151,60","8.066,70","8.172,60","8.016,10","209,01M","1,16%"
"18.02.2021","8.058,10","8.133,50","8.168,60","8.045,30","151,46M","-0,80%"
"17.02.2021","8.122,70","8.140,80","8.176,30","8.073,90","190,61M","-0,38%"
"16.02.2021","8.153,70","8.215,10","8.222,30","8.129,20","164,69M","-0,61%"
"15.02.2021","8.203,50","8.124,40","8.218,60","8.108,20","193,91M","1,84%"
"12.02.2021","8.055,00","8.025,00","8.055,00","7.921,30","157,83M","0,22%"
"11.02.2021","8.037,60","8.067,10","8.095,10","8.008,20","136,46M","-0,34%"
"10.02.2021","8.065,40","8.127,20","8.144,30","8.026,90","170,30M","-0,44%"
"09.02.2021","8.101,00","8.216,80","8.219,00","8.090,80","159,55M","-1,44%"
"08.02.2021","8.219,00","8.251,80","8.260,30","8.187,90","203,54M","0,05%"
"05.02.2021","8.214,70","8.129,80","8.227,20","8.107,30","261,54M","1,13%"
"04.02.2021","8.122,60","8.031,40","8.122,60","8.005,40","241,67M","1,37%"
"03.02.2021","8.012,80","8.048,20","8.088,20","7.983,30","220,82M","0,78%"
"02.02.2021","7.950,90","7.844,60","7.958,90","7.828,10","238,44M","1,96%"
"01.02.2021","7.798,20","7.823,00","7.842,30","7.779,80","182,01M","0,52%"
"29.01.2021","7.757,50","7.825,80","7.882,90","7.757,30","250,62M","-2,21%"
"28.01.2021","7.932,50","7.767,20","7.958,90","7.713,50","201,66M","1,02%"
"27.01.2021","7.852,70","7.950,40","7.995,50","7.782,50","208,28M","-1,41%"
"26.01.2021","7.964,90","7.907,70","8.008,50","7.907,70","177,64M","0,86%"
"25.01.2021","7.897,30","8.076,90","8.085,80","7.846,00","218,85M","-1,73%"
"22.01.2021","8.036,40","8.072,70","8.078,10","7.971,10","233,70M","-1,06%"
"21.01.2021","8.122,10","8.234,50","8.275,90","8.117,90","179,93M","-1,00%"
"20.01.2021","8.204,10","8.220,30","8.240,90","8.140,30","147,52M","0,06%"
"19.01.2021","8.199,00","8.303,70","8.320,20","8.198,40","162,96M","-0,67%"
"18.01.2021","8.254,50","8.194,70","8.259,40","8.180,70","122,09M","0,29%"
"15.01.2021","8.230,70","8.332,20","8.361,70","8.173,80","251,31M","-1,69%"
"14.01.2021","8.372,40","8.360,90","8.394,40","8.335,90","196,76M","0,14%"
"13.01.2021","8.361,10","8.353,90","8.386,60","8.318,70","206,41M","0,18%"
"12.01.2021","8.345,90","8.375,20","8.396,30","8.322,40","207,30M","-0,14%"
"11.01.2021","8.357,50","8.369,20","8.411,90","8.317,00","188,25M","-0,60%"
"08.01.2021","8.407,70","8.439,70","8.439,70","8.366,20","204,98M","0,26%"
"07.01.2021","8.385,80","8.383,80","8.399,50","8.274,10","247,34M","0,43%"
"06.01.2021","8.350,30","8.179,80","8.383,70","8.134,10","275,70M","3,20%"
"05.01.2021","8.091,50","8.052,20","8.118,10","8.037,40","173,80M","-0,10%"
"04.01.2021","8.099,20","8.191,80","8.207,20","8.053,00","213,15M","0,32%"
"31.12.2020","8.073,70","8.116,90","8.129,80","8.073,70","82,26M","-0,99%"
"30.12.2020","8.154,40","8.174,20","8.194,20","8.149,80","129,93M","-0,25%"
"29.12.2020","8.174,80","8.203,20","8.225,80","8.167,00","143,79M","0,24%"
"28.12.2020","8.155,60","8.179,30","8.192,10","8.122,20","147,46M","0,54%"
"24.12.2020","8.111,50","8.101,20","8.112,40","8.073,30","83,71M","0,47%"
"23.12.2020","8.073,60","7.948,80","8.084,20","7.940,00","183,11M","1,76%"
"22.12.2020","7.934,20","7.822,00","7.942,40","7.818,00","187,11M","1,85%"
"21.12.2020","7.789,80","7.860,90","7.872,30","7.663,50","339,12M","-3,08%"
"18.12.2020","8.037,40","8.114,30","8.159,40","8.036,70","355,17M","-1,42%"
"17.12.2020","8.153,40","8.164,60","8.180,80","8.110,50","193,10M","0,17%"
"16.12.2020","8.139,50","8.166,40","8.209,70","8.104,40","218,43M","-0,16%"
"15.12.2020","8.152,40","8.153,20","8.166,60","8.099,70","213,88M","0,14%"
"14.12.2020","8.140,80","8.160,20","8.222,50","8.140,50","225,31M","0,96%"
"11.12.2020","8.063,10","8.147,80","8.151,40","7.978,10","269,81M","-1,46%"
"10.12.2020","8.182,30","8.260,30","8.284,30","8.124,90","272,11M","-0,64%"
"09.12.2020","8.235,30","8.262,20","8.292,60","8.223,10","212,04M","0,09%"
"08.12.2020","8.227,60","8.262,40","8.273,60","8.206,30","202,82M","-0,58%"
"07.12.2020","8.275,60","8.283,30","8.296,40","8.225,50","228,16M","-0,57%"
"04.12.2020","8.322,90","8.201,20","8.322,90","8.197,00","352,97M","1,49%"
"03.12.2020","8.200,70","8.208,10","8.223,40","8.154,80","233,47M","-0,24%"
"02.12.2020","8.220,80","8.111,10","8.226,20","8.104,20","310,84M","0,98%"
"01.12.2020","8.140,80","8.112,70","8.176,40","8.100,20","284,95M","0,79%"
"30.11.2020","8.076,90","8.130,60","8.165,20","8.075,40","544,91M","-1,39%"
"27.11.2020","8.190,70","8.069,10","8.190,70","8.054,40","415,13M","1,06%"
"26.11.2020","8.104,60","8.184,80","8.184,90","8.086,70","218,32M","-0,74%"
"25.11.2020","8.164,70","8.172,40","8.199,90","8.084,40","294,45M","0,26%"
"24.11.2020","8.143,20","8.052,40","8.143,20","8.045,30","351,64M","2,03%"
"23.11.2020","7.981,20","8.029,10","8.067,30","7.972,20","278,31M","0,04%"
"20.11.2020","7.977,90","7.938,80","8.001,10","7.920,00","232,65M","0,60%"
"19.11.2020","7.930,20","7.907,20","7.978,80","7.863,90","261,61M","-0,64%"
"18.11.2020","7.981,50","7.914,10","7.994,30","7.888,70","296,39M","0,59%"
"17.11.2020","7.934,30","7.979,00","7.979,00","7.835,80","428,97M","-0,65%"
"16.11.2020","7.986,20","7.905,90","8.102,40","7.879,00","601,88M","2,60%"
"13.11.2020","7.783,70","7.698,60","7.823,10","7.686,20","297,81M","0,75%"
"12.11.2020","7.726,00","7.721,70","7.773,30","7.688,00","309,66M","-0,87%"
"11.11.2020","7.793,70","7.733,80","7.804,60","7.675,80","401,25M","1,07%"
"10.11.2020","7.711,40","7.447,10","7.720,30","7.439,50","705,61M","3,38%"
"09.11.2020","7.459,40","6.972,30","7.535,30","6.945,80","751,20M","8,57%"
"06.11.2020","6.870,40","6.890,60","6.940,40","6.829,40","206,31M","-0,78%"
"05.11.2020","6.924,20","6.833,50","6.948,30","6.814,20","255,82M","2,10%"
"04.11.2020","6.781,90","6.616,70","6.790,80","6.563,70","274,82M","0,45%"
"03.11.2020","6.751,60","6.636,10","6.760,80","6.608,70","281,85M","2,52%"
"02.11.2020","6.585,60","6.481,40","6.590,70","6.396,30","222,25M","2,07%"
"30.10.2020","6.452,20","6.351,40","6.461,60","6.345,30","260,71M","0,63%"
"29.10.2020","6.411,80","6.467,70","6.514,00","6.329,50","298,20M","-0,97%"
"28.10.2020","6.474,40","6.560,80","6.563,80","6.423,30","323,76M","-2,66%"
"27.10.2020","6.651,30","6.845,20","6.846,70","6.647,00","273,17M","-2,14%"
"26.10.2020","6.796,90","6.797,90","6.904,20","6.789,70","195,99M","-1,40%"
"23.10.2020","6.893,40","6.802,10","6.902,00","6.791,90","221,93M","1,42%"
"22.10.2020","6.796,60","6.775,20","6.839,50","6.709,30","212,05M","-0,22%"
"21.10.2020","6.811,50","6.961,50","6.962,20","6.806,10","207,33M","-1,67%"
"20.10.2020","6.927,30","6.834,80","6.972,10","6.826,70","221,48M","0,98%"
"19.10.2020","6.860,20","6.882,10","6.932,80","6.816,40","173,62M","0,15%"
"16.10.2020","6.849,70","6.851,90","6.877,00","6.784,60","234,16M","0,48%"
"15.10.2020","6.816,80","6.840,20","6.842,30","6.763,00","237,25M","-1,44%"
"14.10.2020","6.916,60","6.880,40","6.946,80","6.846,50","178,69M","0,60%"
"13.10.2020","6.875,20","6.945,20","6.960,60","6.854,60","205,87M","-1,09%"
"12.10.2020","6.951,00","6.968,80","6.979,90","6.924,80","167,26M","0,00%"
"09.10.2020","6.950,90","6.992,90","7.024,60","6.936,70","182,75M","-0,60%"
"08.10.2020","6.992,80","6.953,20","7.018,80","6.951,70","202,09M","1,20%"
"07.10.2020","6.910,10","6.920,20","6.952,60","6.887,10","207,42M","-0,38%"
"06.10.2020","6.936,20","6.860,10","6.975,40","6.838,80","265,23M","1,44%"
"05.10.2020","6.837,90","6.814,50","6.851,00","6.794,10","237,49M","1,23%"
"02.10.2020","6.754,50","6.675,40","6.754,50","6.648,90","227,14M","0,35%"
"01.10.2020","6.730,70","6.789,10","6.800,80","6.701,20","227,52M","0,21%"
"30.09.2020","6.716,60","6.663,60","6.771,10","6.639,70","247,93M","0,04%"
"29.09.2020","6.713,60","6.769,50","6.790,70","6.713,60","198,77M","-1,15%"
"28.09.2020","6.791,50","6.709,20","6.798,90","6.681,40","212,05M","2,46%"
"25.09.2020","6.628,30","6.647,40","6.681,90","6.552,30","263,36M","-0,23%"
"24.09.2020","6.643,40","6.577,60","6.705,70","6.562,60","285,83M","-0,16%"
"23.09.2020","6.654,20","6.717,80","6.781,10","6.654,20","294,83M","0,08%"
"22.09.2020","6.648,60","6.752,90","6.758,00","6.645,60","286,49M","-0,65%"
"21.09.2020","6.692,30","6.892,90","6.892,90","6.678,80","384,70M","-3,43%"
"18.09.2020","6.929,80","7.073,80","7.075,30","6.923,60","975,21M","-2,21%"
"17.09.2020","7.086,20","7.027,10","7.101,80","7.013,80","214,24M","-0,35%"
"16.09.2020","7.110,80","7.048,30","7.110,80","7.020,70","239,81M","1,06%"
"15.09.2020","7.036,00","6.958,90","7.064,00","6.954,80","204,19M","1,22%"
"14.09.2020","6.951,10","6.989,80","7.005,70","6.935,00","199,77M","0,11%"
"11.09.2020","6.943,20","6.989,40","7.000,90","6.910,40","209,12M","-0,80%"
"10.09.2020","6.999,20","7.020,60","7.050,90","6.967,40","211,10M","-0,31%"
"09.09.2020","7.020,90","6.946,40","7.038,60","6.938,90","202,90M","0,95%"
"08.09.2020","6.955,00","7.087,90","7.102,60","6.899,00","246,70M","-1,78%"
"07.09.2020","7.080,70","7.032,80","7.098,00","7.013,00","257,58M","1,30%"
"04.09.2020","6.989,70","7.015,70","7.133,40","6.954,70","462,54M","-0,23%"
"03.09.2020","7.006,00","7.065,20","7.159,60","6.971,20","246,67M","0,13%"
"02.09.2020","6.996,90","6.973,10","7.046,10","6.963,90","208,51M","0,57%"
"01.09.2020","6.956,90","7.038,50","7.042,00","6.903,00","226,08M","-0,18%"
"31.08.2020","6.969,50","7.174,30","7.198,30","6.960,00","205,26M","-2,29%"
"28.08.2020","7.133,00","7.114,70","7.162,90","7.055,10","193,35M","0,60%"
"27.08.2020","7.090,70","7.114,10","7.130,20","7.029,20","162,18M","-0,45%"
"26.08.2020","7.123,00","7.088,40","7.136,50","7.070,40","122,06M","0,21%"
"25.08.2020","7.108,40","7.147,90","7.215,10","7.103,20","189,75M","-0,01%"
"24.08.2020","7.109,10","7.044,20","7.120,80","7.037,30","147,79M","1,82%"
"21.08.2020","6.982,10","7.016,70","7.025,90","6.900,50","171,12M","-0,16%"
"20.08.2020","6.993,30","7.011,40","7.034,50","6.974,90","155,67M","-1,42%"
"19.08.2020","7.094,30","7.039,10","7.094,30","7.002,80","132,23M","0,72%"
"18.08.2020","7.043,50","7.065,70","7.165,60","7.024,40","142,78M","-0,66%"
"17.08.2020","7.090,10","7.141,50","7.173,30","7.064,10","131,24M","-0,90%"
"14.08.2020","7.154,30","7.224,10","7.227,60","7.064,00","175,80M","-1,33%"
"13.08.2020","7.250,50","7.267,90","7.321,90","7.240,80","159,77M","-0,62%"
"12.08.2020","7.296,00","7.250,30","7.317,90","7.225,70","219,85M","0,45%"
"11.08.2020","7.263,50","7.104,00","7.290,10","7.104,00","271,63M","2,97%"
"10.08.2020","7.053,90","7.004,40","7.053,90","6.957,00","208,03M","1,49%"
"07.08.2020","6.950,50","6.929,10","6.961,80","6.876,70","184,15M","-0,11%"
"06.08.2020","6.957,90","7.022,10","7.046,10","6.917,00","205,85M","-1,16%"
"05.08.2020","7.039,70","7.073,20","7.123,50","7.027,70","208,80M","0,26%"
"04.08.2020","7.021,60","7.003,00","7.064,80","6.955,40","225,24M","0,67%"
"03.08.2020","6.975,00","6.867,40","6.983,30","6.788,90","282,34M","1,42%"
"31.07.2020","6.877,40","7.025,20","7.049,50","6.877,40","312,30M","-1,70%"
"30.07.2020","6.996,60","7.192,30","7.192,70","6.924,70","324,38M","-2,91%"
"29.07.2020","7.206,20","7.247,60","7.260,20","7.171,30","210,36M","-0,55%"
"28.07.2020","7.246,40","7.191,90","7.257,30","7.170,60","162,30M","1,06%"
"27.07.2020","7.170,60","7.267,80","7.268,00","7.141,30","232,71M","-1,70%"
"24.07.2020","7.294,70","7.301,80","7.322,70","7.241,10","183,91M","-1,22%"
"23.07.2020","7.384,90","7.434,70","7.442,20","7.357,20","167,59M","-0,07%"
"22.07.2020","7.390,10","7.474,70","7.498,60","7.368,20","192,70M","-1,39%"
"21.07.2020","7.494,50","7.554,20","7.654,80","7.473,50","300,45M","0,22%"
"20.07.2020","7.478,00","7.442,50","7.495,50","7.365,10","148,68M","0,51%"
"17.07.2020","7.440,40","7.474,10","7.485,00","7.395,80","196,83M","-0,46%"
"16.07.2020","7.474,70","7.438,80","7.498,00","7.425,30","178,62M","-0,17%"
"15.07.2020","7.487,60","7.416,10","7.529,60","7.317,60","262,96M","1,84%"
"14.07.2020","7.352,00","7.344,40","7.352,00","7.268,40","201,39M","-1,01%"
"13.07.2020","7.426,90","7.403,20","7.452,10","7.345,90","179,02M","1,45%"
"10.07.2020","7.321,10","7.198,40","7.324,30","7.183,20","182,31M","1,16%"
"09.07.2020","7.236,90","7.369,90","7.383,50","7.221,10","176,47M","-1,22%"
"08.07.2020","7.326,40","7.361,00","7.382,70","7.307,40","213,49M","-1,62%"
"07.07.2020","7.447,40","7.491,50","7.511,30","7.441,30","191,35M","-1,44%"
"06.07.2020","7.556,20","7.566,50","7.632,30","7.517,30","253,51M","2,06%"
"03.07.2020","7.403,50","7.510,30","7.520,60","7.374,90","181,47M","-1,27%"
"02.07.2020","7.498,60","7.292,70","7.538,20","7.292,70","310,24M","3,75%"
"01.07.2020","7.227,40","7.245,60","7.283,90","7.127,10","194,03M","-0,06%"
"30.06.2020","7.231,40","7.270,60","7.307,50","7.173,00","233,65M","-0,64%"
"29.06.2020","7.278,10","7.160,10","7.318,30","7.146,30","216,62M","1,39%"
"26.06.2020","7.178,40","7.324,50","7.344,90","7.172,10","215,72M","-1,26%"
"25.06.2020","7.270,30","7.176,40","7.295,80","7.077,80","267,87M","1,04%"
"24.06.2020","7.195,50","7.403,90","7.440,90","7.195,50","248,46M","-3,27%"
"23.06.2020","7.438,40","7.408,80","7.495,10","7.366,60","260,90M","1,26%"
"22.06.2020","7.345,70","7.371,60","7.426,90","7.300,70","220,42M","-0,92%"
"19.06.2020","7.414,20","7.444,20","7.502,10","7.401,00","634,64M","0,32%"
"18.06.2020","7.390,20","7.436,40","7.495,20","7.318,10","326,76M","-1,18%"
"17.06.2020","7.478,70","7.458,10","7.552,50","7.402,50","333,50M","-0,22%"
"16.06.2020","7.495,30","7.420,80","7.599,30","7.349,70","388,21M","3,25%"
"15.06.2020","7.259,30","7.116,90","7.309,40","7.062,90","329,04M","-0,46%"
"12.06.2020","7.292,70","7.232,20","7.425,30","7.205,00","370,13M","0,20%"
"11.06.2020","7.278,00","7.486,50","7.486,50","7.278,00","456,67M","-5,04%"
"10.06.2020","7.663,90","7.779,80","7.861,00","7.649,40","355,56M","-1,14%"
"09.06.2020","7.752,30","7.878,20","7.914,70","7.683,20","453,06M","-1,82%"
"08.06.2020","7.896,10","7.813,10","7.992,70","7.796,60","557,21M","0,30%"
"05.06.2020","7.872,60","7.672,00","7.890,40","7.664,10","573,28M","4,04%"
"04.06.2020","7.566,80","7.567,70","7.669,20","7.516,00","514,86M","-0,78%"
"03.06.2020","7.626,40","7.487,30","7.629,70","7.448,90","445,04M","2,95%"
"02.06.2020","7.408,10","7.264,00","7.445,30","7.236,90","402,95M","2,59%"
"01.06.2020","7.221,40","7.228,70","7.276,00","7.160,10","291,93M","1,76%"
"29.05.2020","7.096,50","7.164,30","7.201,80","7.096,50","903,98M","-1,77%"
"28.05.2020","7.224,10","7.237,30","7.244,50","7.141,40","375,47M","0,69%"
"27.05.2020","7.174,50","7.034,00","7.229,00","7.030,20","501,01M","2,44%"
"26.05.2020","7.003,90","6.940,60","7.023,80","6.917,10","383,73M","2,15%"
"25.05.2020","6.856,80","6.766,60","6.856,80","6.725,20","187,07M","2,38%"
"22.05.2020","6.697,50","6.618,20","6.751,80","6.585,70","292,69M","0,17%"
"21.05.2020","6.686,10","6.612,70","6.773,40","6.579,90","258,58M","0,04%"
"20.05.2020","6.683,60","6.593,40","6.697,10","6.499,10","341,45M","1,13%"
"19.05.2020","6.609,10","6.864,20","6.872,60","6.555,60","501,36M","-2,51%"
"18.05.2020","6.779,30","6.583,10","6.790,20","6.558,10","203,49M","4,70%"
"15.05.2020","6.474,90","6.594,40","6.624,30","6.466,00","203,85M","-1,08%"
"14.05.2020","6.545,60","6.569,70","6.609,00","6.421,40","258,95M","-1,29%"
"13.05.2020","6.631,40","6.694,00","6.728,20","6.631,40","245,67M","-1,94%"
"12.05.2020","6.762,70","6.672,70","6.795,10","6.663,20","172,85M","1,36%"
"11.05.2020","6.672,20","6.830,90","6.854,70","6.651,70","217,44M","-1,63%"
"08.05.2020","6.783,10","6.790,70","6.807,40","6.715,40","128,58M","0,78%"
"07.05.2020","6.730,90","6.714,90","6.747,20","6.666,40","167,46M","0,89%"
"06.05.2020","6.671,70","6.719,80","6.762,50","6.666,20","166,02M","-1,13%"
"05.05.2020","6.747,70","6.772,20","6.815,90","6.680,70","203,87M","1,11%"
"04.05.2020","6.673,30","6.767,70","6.767,70","6.673,30","241,56M","-3,60%"
"30.04.2020","6.922,30","7.084,80","7.128,40","6.918,30","314,98M","-1,89%"
"29.04.2020","7.055,70","6.829,40","7.055,70","6.816,80","247,76M","3,21%"
"28.04.2020","6.836,40","6.724,60","6.857,90","6.707,90","233,78M","1,55%"
"27.04.2020","6.731,80","6.780,90","6.790,10","6.667,30","147,26M","1,78%"
"24.04.2020","6.613,90","6.641,30","6.710,80","6.578,10","182,93M","-1,97%"
"23.04.2020","6.746,50","6.758,70","6.797,60","6.713,60","163,72M","0,40%"
"22.04.2020","6.719,80","6.685,10","6.729,60","6.654,20","177,93M","1,28%"
"21.04.2020","6.634,90","6.741,30","6.760,90","6.634,90","200,78M","-2,88%"
"20.04.2020","6.831,50","6.932,50","6.933,30","6.715,00","186,64M","-0,64%"
"17.04.2020","6.875,80","6.942,50","7.000,30","6.845,00","251,27M","1,66%"
"16.04.2020","6.763,40","6.930,80","6.950,90","6.733,10","237,96M","-1,11%"
"15.04.2020","6.839,50","7.065,60","7.086,80","6.816,40","289,92M","-3,79%"
"14.04.2020","7.108,60","7.209,70","7.209,70","7.080,30","259,99M","0,54%"
"09.04.2020","7.070,60","7.049,30","7.116,80","6.918,70","240,35M","1,71%"
"08.04.2020","6.951,80","6.930,20","6.952,50","6.860,60","155,91M","-0,72%"
"07.04.2020","7.002,00","6.986,90","7.119,10","6.903,60","260,86M","2,30%"
"06.04.2020","6.844,30","6.807,90","6.874,90","6.728,60","225,97M","3,99%"
"03.04.2020","6.581,60","6.563,60","6.632,50","6.509,40","215,39M","0,11%"
"02.04.2020","6.574,10","6.633,70","6.658,90","6.424,50","233,31M","-0,08%"
"01.04.2020","6.579,40","6.627,30","6.687,80","6.565,20","235,11M","-3,04%"
"31.03.2020","6.785,40","6.746,80","6.802,00","6.624,70","258,18M","1,88%"
"30.03.2020","6.659,90","6.748,60","6.789,10","6.507,00","232,01M","-1,74%"
"27.03.2020","6.777,90","6.916,70","6.936,70","6.661,90","225,32M","-3,63%"
"26.03.2020","7.033,20","6.789,00","7.033,20","6.759,10","248,81M","1,31%"
"25.03.2020","6.942,40","6.985,90","7.058,10","6.625,80","322,63M","3,35%"
"24.03.2020","6.717,30","6.433,30","6.717,30","6.403,60","301,21M","7,82%"
"23.03.2020","6.230,20","6.223,70","6.472,00","6.148,00","282,03M","-3,31%"
"20.03.2020","6.443,30","6.645,40","6.769,90","6.371,10","486,80M","0,74%"
"19.03.2020","6.395,80","6.368,20","6.506,40","6.228,30","346,23M","1,93%"
"18.03.2020","6.274,80","6.370,50","6.524,20","6.174,10","398,61M","-3,44%"
"17.03.2020","6.498,50","6.444,50","6.557,30","6.083,00","388,45M","6,41%"
"16.03.2020","6.107,20","6.331,00","6.362,50","5.814,50","583,61M","-7,88%"
"13.03.2020","6.629,60","6.763,70","7.140,50","6.468,30","473,17M","3,74%"
"12.03.2020","6.390,90","7.040,80","7.077,70","6.347,00","723,61M","-14,06%"
"11.03.2020","7.436,40","7.589,30","7.717,10","7.364,60","369,15M","-0,34%"
"10.03.2020","7.461,50","7.815,60","8.007,70","7.440,60","506,03M","-3,21%"
"09.03.2020","7.708,70","7.884,00","8.022,90","7.621,40","598,77M","-7,96%"
"06.03.2020","8.375,60","8.532,60","8.542,00","8.310,40","345,90M","-3,54%"
"05.03.2020","8.683,00","8.960,80","8.962,50","8.639,90","342,80M","-2,55%"
"04.03.2020","8.910,00","8.827,80","8.963,70","8.745,90","321,26M","1,12%"
"03.03.2020","8.811,60","8.860,20","9.014,30","8.776,40","351,22M","0,80%"
"02.03.2020","8.741,50","8.910,20","8.913,50","8.541,10","355,48M","0,21%"
"28.02.2020","8.723,20","8.748,10","8.818,60","8.582,70","497,98M","-2,92%"
"27.02.2020","8.985,90","9.182,20","9.204,40","8.877,40","341,79M","-3,55%"
"26.02.2020","9.316,80","9.213,00","9.362,80","9.030,70","299,26M","0,71%"
"25.02.2020","9.250,80","9.507,00","9.518,90","9.248,00","263,35M","-2,45%"
"24.02.2020","9.483,50","9.649,80","9.676,80","9.459,60","256,06M","-4,07%"
"21.02.2020","9.886,20","9.893,00","9.946,40","9.843,50","194,95M","-0,45%"
"20.02.2020","9.931,00","10.048,70","10.050,30","9.931,00","178,85M","-1,51%"
"19.02.2020","10.083,60","10.042,00","10.100,20","10.020,70","151,87M","0,78%"
"18.02.2020","10.005,80","9.977,40","10.041,50","9.967,80","184,04M","-0,16%"
"17.02.2020","10.022,20","9.979,20","10.022,20","9.955,20","105,78M","0,66%"
"14.02.2020","9.956,80","9.910,90","9.969,70","9.905,20","127,06M","0,47%"
"13.02.2020","9.909,80","9.893,90","9.910,10","9.794,30","161,75M","-0,31%"
"12.02.2020","9.940,40","9.897,90","9.946,60","9.888,60","199,83M","0,58%"
"11.02.2020","9.882,60","9.863,40","9.884,00","9.817,80","167,63M","0,68%"
"10.02.2020","9.816,00","9.790,60","9.820,40","9.773,50","132,13M","0,05%"
"07.02.2020","9.811,00","9.789,30","9.816,20","9.761,80","179,59M","0,00%"
"06.02.2020","9.811,30","9.767,10","9.816,20","9.757,00","248,42M","0,96%"
"05.02.2020","9.717,80","9.553,40","9.721,90","9.540,20","221,92M","1,62%"
"04.02.2020","9.562,90","9.465,90","9.577,30","9.462,40","174,13M","1,68%"
"03.02.2020","9.404,70","9.404,40","9.431,60","9.361,50","168,67M","0,39%"
"31.01.2020","9.367,90","9.519,30","9.545,10","9.365,10","303,55M","-1,16%"
"30.01.2020","9.477,90","9.460,80","9.528,40","9.439,30","164,09M","-0,72%"
"29.01.2020","9.546,70","9.532,70","9.574,30","9.510,70","187,15M","0,66%"
"28.01.2020","9.484,20","9.401,80","9.488,00","9.363,80","154,92M","1,26%"
"27.01.2020","9.366,30","9.447,10","9.482,80","9.357,80","164,52M","-2,05%"
"24.01.2020","9.562,00","9.576,80","9.639,90","9.552,50","154,73M","0,46%"
"23.01.2020","9.518,50","9.549,40","9.604,70","9.499,30","169,14M","-0,58%"
"22.01.2020","9.573,70","9.622,00","9.632,80","9.557,00","134,57M","-0,39%"
"21.01.2020","9.611,30","9.593,40","9.620,70","9.550,00","126,45M","-0,49%"
"20.01.2020","9.658,80","9.676,60","9.680,90","9.623,10","99,96M","-0,23%"
"17.01.2020","9.681,30","9.616,10","9.709,90","9.611,30","159,82M","1,14%"
"16.01.2020","9.572,50","9.516,70","9.579,50","9.481,60","133,84M","0,64%"
"15.01.2020","9.511,70","9.521,20","9.530,20","9.475,00","162,00M","-0,17%"
"14.01.2020","9.528,30","9.548,10","9.548,40","9.466,00","143,77M","-0,16%"
"13.01.2020","9.543,90","9.586,60","9.586,60","9.507,40","124,15M","-0,31%"
"10.01.2020","9.573,60","9.611,30","9.623,60","9.557,90","132,89M","-0,09%"
"09.01.2020","9.581,80","9.629,20","9.644,80","9.573,80","151,79M","-0,10%"
"08.01.2020","9.591,40","9.535,10","9.604,30","9.520,30","133,96M","0,12%"
"07.01.2020","9.579,80","9.623,10","9.657,90","9.557,90","133,48M","-0,22%"
"06.01.2020","9.600,90","9.585,40","9.618,20","9.492,70","103,52M","-0,47%"
"03.01.2020","9.646,60","9.631,20","9.650,70","9.581,20","135,13M","-0,46%"
"02.01.2020","9.691,20","9.639,10","9.705,40","9.615,10","142,38M","1,49%"
"31.12.2019","9.549,20","9.564,90","9.564,90","9.518,50","62,70M","-0,66%"
"30.12.2019","9.612,60","9.672,50","9.682,10","9.612,60","95,10M","-0,91%"
"27.12.2019","9.700,50","9.673,00","9.700,50","9.657,50","103,11M","0,40%"
"24.12.2019","9.661,80","9.632,10","9.661,80","9.607,80","35,44M","0,02%"
"23.12.2019","9.659,60","9.650,20","9.670,90","9.639,00","119,33M","-0,16%"
"20.12.2019","9.675,50","9.620,40","9.675,50","9.605,80","366,71M","0,61%"
"19.12.2019","9.617,20","9.622,60","9.635,40","9.567,40","165,38M","-0,05%"
"18.12.2019","9.621,80","9.606,10","9.659,20","9.606,10","156,46M","0,06%"
"17.12.2019","9.615,90","9.630,70","9.652,40","9.608,10","157,68M","-0,67%"
"16.12.2019","9.680,60","9.607,90","9.692,40","9.599,70","163,33M","1,22%"
"13.12.2019","9.563,70","9.598,20","9.650,90","9.554,10","261,41M","1,01%"
"12.12.2019","9.468,50","9.416,30","9.505,60","9.370,00","213,48M","0,81%"
"11.12.2019","9.392,50","9.315,40","9.421,50","9.300,30","145,84M","0,77%"
"10.12.2019","9.321,10","9.355,60","9.355,70","9.246,10","136,83M","-0,36%"
"09.12.2019","9.354,60","9.378,20","9.403,50","9.354,60","106,94M","-0,30%"
"06.12.2019","9.382,70","9.267,30","9.395,40","9.247,70","125,32M","1,51%"
"05.12.2019","9.243,40","9.284,30","9.325,80","9.243,40","120,86M","-0,30%"
"04.12.2019","9.270,80","9.146,20","9.277,60","9.144,80","152,24M","1,48%"
"03.12.2019","9.135,70","9.176,80","9.209,80","9.110,10","162,64M","-0,22%"
"02.12.2019","9.156,30","9.367,20","9.390,90","9.146,60","200,67M","-2,09%"
"29.11.2019","9.352,00","9.334,50","9.404,70","9.312,50","140,84M","-0,07%"
"28.11.2019","9.359,00","9.353,60","9.373,10","9.343,80","107,16M","-0,04%"
"27.11.2019","9.362,70","9.353,50","9.388,70","9.333,40","135,05M","0,41%"
"26.11.2019","9.324,80","9.323,60","9.329,80","9.288,20","214,69M","0,05%"
"25.11.2019","9.319,90","9.300,00","9.340,30","9.292,30","128,38M","0,70%"
"22.11.2019","9.254,70","9.238,50","9.295,50","9.229,70","173,88M","0,44%"
"21.11.2019","9.214,00","9.175,10","9.223,10","9.152,10","142,00M","-0,12%"
"20.11.2019","9.225,40","9.223,70","9.240,40","9.165,40","139,90M","-0,37%"
"19.11.2019","9.259,20","9.288,00","9.327,60","9.234,40","121,80M","0,01%"
"18.11.2019","9.258,00","9.265,10","9.293,10","9.213,00","135,27M","-0,04%"
"15.11.2019","9.261,40","9.222,10","9.273,30","9.186,90","161,26M","0,96%"
"14.11.2019","9.173,30","9.203,10","9.216,90","9.170,30","154,13M","-0,23%"
"13.11.2019","9.194,50","9.270,20","9.270,20","9.132,80","246,05M","-1,21%"
"12.11.2019","9.306,70","9.427,80","9.436,80","9.306,70","182,15M","-0,87%"
"11.11.2019","9.388,50","9.370,30","9.400,40","9.334,40","153,71M","-0,06%"
"08.11.2019","9.393,70","9.418,50","9.436,10","9.369,70","182,55M","-0,57%"
"07.11.2019","9.447,30","9.435,40","9.482,50","9.409,60","190,11M","0,52%"
"06.11.2019","9.398,40","9.407,30","9.443,90","9.360,90","173,97M","-0,10%"
"05.11.2019","9.407,90","9.424,20","9.432,30","9.373,80","218,12M","-0,09%"
"04.11.2019","9.416,40","9.376,50","9.439,00","9.354,30","180,10M","0,95%"
"01.11.2019","9.328,00","9.293,10","9.343,10","9.252,80","160,72M","0,76%"
"31.10.2019","9.257,50","9.296,30","9.305,30","9.208,90","227,12M","-0,29%"
"30.10.2019","9.284,50","9.384,50","9.386,60","9.219,70","192,87M","-1,23%"
"29.10.2019","9.400,10","9.440,70","9.445,50","9.362,20","155,53M","-0,35%"
"28.10.2019","9.433,00","9.432,30","9.455,60","9.394,60","123,72M","0,03%"
"25.10.2019","9.430,20","9.409,90","9.433,30","9.381,10","124,88M","0,41%"
"24.10.2019","9.391,80","9.413,50","9.448,00","9.378,60","157,23M","0,07%"
"23.10.2019","9.385,00","9.339,30","9.392,30","9.332,40","146,31M","0,05%"
"22.10.2019","9.380,20","9.393,30","9.417,40","9.344,60","139,50M","-0,24%"
"21.10.2019","9.402,30","9.350,30","9.424,30","9.342,10","167,99M","0,78%"
"18.10.2019","9.329,80","9.310,30","9.362,20","9.307,60","150,24M","-0,11%"
"17.10.2019","9.340,00","9.360,90","9.494,50","9.340,00","195,29M","-0,50%"
"16.10.2019","9.386,70","9.346,50","9.398,60","9.288,20","205,49M","0,33%"
"15.10.2019","9.356,10","9.292,00","9.370,30","9.278,30","191,06M","1,19%"
"14.10.2019","9.246,50","9.229,20","9.247,60","9.195,20","125,13M","-0,29%"
"11.10.2019","9.273,80","9.112,90","9.273,80","9.104,80","248,41M","1,86%"
"10.10.2019","9.104,40","8.997,40","9.112,20","8.970,30","156,10M","1,25%"
"09.10.2019","8.991,90","8.952,70","9.035,60","8.934,20","103,64M","0,58%"
"08.10.2019","8.940,10","9.066,50","9.071,50","8.900,80","140,37M","-1,15%"
"07.10.2019","9.044,10","8.954,70","9.046,30","8.930,40","131,08M","0,92%"
"04.10.2019","8.961,80","8.944,20","8.961,80","8.858,60","148,75M","0,67%"
"03.10.2019","8.902,20","8.935,80","8.971,40","8.850,60","152,59M","-0,11%"
"02.10.2019","8.912,20","9.150,10","9.157,10","8.912,20","193,95M","-2,77%"
"01.10.2019","9.165,90","9.277,00","9.298,80","9.165,10","150,85M","-0,85%"
"30.09.2019","9.244,60","9.194,80","9.257,30","9.189,60","177,88M","0,66%"
"27.09.2019","9.184,10","9.149,70","9.210,50","9.131,00","127,03M","0,60%"
"26.09.2019","9.129,70","9.064,60","9.143,00","9.061,40","132,27M","0,49%"
"25.09.2019","9.085,30","9.087,20","9.119,20","9.000,90","148,05M","-0,36%"
"24.09.2019","9.118,20","9.116,10","9.154,20","9.103,80","139,48M","0,27%"
"23.09.2019","9.093,60","9.154,90","9.168,30","9.055,90","161,36M","-0,93%"
"20.09.2019","9.179,00","9.137,00","9.210,90","9.132,20","405,54M","0,47%"
"19.09.2019","9.136,00","9.043,10","9.138,50","9.027,80","168,88M","1,15%"
"18.09.2019","9.031,70","9.016,50","9.049,70","8.963,80","182,24M","0,31%"
"17.09.2019","9.004,20","9.050,60","9.052,10","8.975,80","221,43M","-0,53%"
"16.09.2019","9.052,00","9.099,90","9.101,20","9.049,00","174,34M","-0,94%"
"13.09.2019","9.137,90","9.099,80","9.153,50","9.084,30","226,20M","0,61%"
"12.09.2019","9.082,30","9.078,10","9.112,90","8.994,30","231,32M","0,25%"
"11.09.2019","9.059,50","9.109,30","9.124,00","9.029,40","212,02M","-0,21%"
"10.09.2019","9.078,20","9.007,40","9.088,10","8.947,70","265,63M","0,75%"
"09.09.2019","9.010,60","8.997,70","9.026,30","8.987,60","179,01M","0,23%"
"06.09.2019","8.990,10","8.992,80","9.025,90","8.958,60","168,79M","-0,03%"
"05.09.2019","8.992,70","8.913,00","8.995,40","8.908,10","215,61M","1,54%"
"04.09.2019","8.856,60","8.872,30","8.904,50","8.856,60","169,52M","0,54%"
"03.09.2019","8.809,20","8.806,80","8.828,80","8.772,80","158,82M","-0,07%"
"02.09.2019","8.815,50","8.810,80","8.858,40","8.804,90","97,95M","0,03%"
"30.08.2019","8.812,90","8.808,00","8.858,80","8.797,10","146,44M","0,21%"
"29.08.2019","8.794,30","8.728,20","8.841,10","8.725,90","142,70M","0,54%"
"28.08.2019","8.747,10","8.711,50","8.753,80","8.678,90","107,40M","0,21%"
"27.08.2019","8.728,90","8.682,20","8.767,90","8.662,10","156,83M","0,57%"
"26.08.2019","8.679,20","8.603,30","8.702,00","8.592,20","86,67M","0,34%"
"23.08.2019","8.649,50","8.764,40","8.782,60","8.649,50","133,61M","-0,77%"
"22.08.2019","8.716,40","8.684,40","8.806,40","8.675,60","143,42M","0,17%"
"21.08.2019","8.701,50","8.645,90","8.722,90","8.644,30","109,02M","0,97%"
"20.08.2019","8.618,30","8.707,10","8.727,60","8.618,30","140,09M","-1,32%"
"19.08.2019","8.733,30","8.726,90","8.774,60","8.701,90","149,33M","0,73%"
"16.08.2019","8.670,40","8.530,00","8.671,30","8.530,00","307,07M","1,78%"
"15.08.2019","8.519,00","8.551,10","8.566,50","8.409,10","186,02M","-0,04%"
"14.08.2019","8.522,70","8.684,00","8.684,00","8.497,80","193,78M","-1,98%"
"13.08.2019","8.695,10","8.628,20","8.782,30","8.610,10","200,74M","0,22%"
"12.08.2019","8.676,40","8.796,90","8.811,50","8.675,80","141,74M","-0,93%"
"09.08.2019","8.757,80","8.814,10","8.825,60","8.740,30","157,54M","-1,25%"
"08.08.2019","8.869,00","8.828,80","8.869,00","8.790,50","161,82M","1,41%"
"07.08.2019","8.746,10","8.743,70","8.820,90","8.679,80","175,61M","0,54%"
"06.08.2019","8.699,40","8.774,60","8.820,90","8.699,40","177,52M","-0,89%"
"05.08.2019","8.777,20","8.824,00","8.864,50","8.752,90","182,75M","-1,35%"
"02.08.2019","8.897,60","8.905,70","8.997,10","8.870,50","236,59M","-1,56%"
"01.08.2019","9.038,20","8.947,60","9.038,20","8.939,40","148,85M","0,75%"
"31.07.2019","8.971,00","8.993,60","9.003,60","8.946,40","175,71M","-0,17%"
"30.07.2019","8.986,60","9.216,40","9.216,40","8.956,80","229,90M","-2,48%"
"29.07.2019","9.215,40","9.201,30","9.258,10","9.194,40","143,20M","-0,11%"
"26.07.2019","9.225,50","9.281,10","9.291,90","9.204,80","220,71M","-0,69%"
"25.07.2019","9.289,90","9.354,60","9.453,20","9.231,10","209,48M","-0,43%"
"24.07.2019","9.329,70","9.287,40","9.341,30","9.269,40","142,61M","0,52%"
"23.07.2019","9.281,60","9.224,40","9.299,30","9.210,60","157,25M","1,29%"
"22.07.2019","9.163,50","9.172,60","9.194,80","9.137,40","135,56M","-0,08%"
"19.07.2019","9.170,50","9.263,10","9.289,70","9.152,90","167,67M","-0,60%"
"18.07.2019","9.225,70","9.209,40","9.259,10","9.179,20","155,71M","-0,63%"
"17.07.2019","9.284,20","9.359,30","9.363,30","9.277,10","141,21M","-0,99%"
"16.07.2019","9.377,10","9.326,00","9.393,90","9.316,30","129,21M","0,57%"
"15.07.2019","9.323,60","9.313,20","9.355,30","9.280,10","119,54M","0,33%"
"12.07.2019","9.293,20","9.284,70","9.318,70","9.281,70","120,78M","0,14%"
"11.07.2019","9.280,30","9.268,20","9.300,40","9.230,80","114,24M","0,30%"
"10.07.2019","9.252,90","9.241,30","9.299,60","9.218,30","145,20M","-0,23%"
"09.07.2019","9.273,90","9.258,70","9.273,90","9.227,60","142,22M","-0,12%"
"08.07.2019","9.284,70","9.303,30","9.340,20","9.268,90","146,31M","-0,54%"
"05.07.2019","9.335,00","9.391,70","9.417,80","9.314,20","170,13M","-0,70%"
"04.07.2019","9.401,00","9.371,00","9.402,40","9.355,20","163,99M","0,07%"
"03.07.2019","9.394,40","9.290,50","9.407,50","9.277,10","139,58M","1,22%"
"02.07.2019","9.281,50","9.284,00","9.298,40","9.223,40","130,06M","0,18%"
"01.07.2019","9.264,60","9.290,30","9.314,30","9.217,50","154,92M","0,72%"
"28.06.2019","9.198,80","9.148,80","9.216,30","9.118,50","152,19M","0,56%"
"27.06.2019","9.147,80","9.168,00","9.196,80","9.125,80","137,19M","-0,10%"
"26.06.2019","9.157,40","9.162,30","9.220,70","9.142,40","147,06M","-0,03%"
"25.06.2019","9.159,80","9.165,30","9.173,20","9.120,70","147,68M","-0,36%"
"24.06.2019","9.192,50","9.230,00","9.285,40","9.173,30","121,86M","-0,38%"
"21.06.2019","9.227,20","9.228,20","9.297,70","9.209,30","332,95M","0,20%"
"20.06.2019","9.208,50","9.272,10","9.292,70","9.204,80","208,46M","-0,25%"
"19.06.2019","9.231,20","9.257,30","9.263,30","9.192,40","180,12M","-0,10%"
"18.06.2019","9.240,70","9.112,90","9.253,40","9.060,40","200,01M","1,19%"
"17.06.2019","9.131,70","9.199,60","9.205,10","9.127,90","118,12M","-0,68%"
"14.06.2019","9.194,20","9.233,80","9.244,70","9.169,30","114,98M","-0,57%"
"13.06.2019","9.247,10","9.227,60","9.301,70","9.208,80","126,13M","0,09%"
"12.06.2019","9.238,50","9.244,40","9.274,60","9.223,10","145,20M","-0,47%"
"11.06.2019","9.282,10","9.288,60","9.332,50","9.273,40","144,70M","-0,13%"
"10.06.2019","9.294,10","9.284,20","9.302,20","9.248,10","102,32M","0,63%"
"07.06.2019","9.236,10","9.186,70","9.261,40","9.185,70","150,66M","0,73%"
"06.06.2019","9.169,20","9.169,20","9.246,20","9.136,70","212,72M","0,20%"
"05.06.2019","9.150,50","9.136,80","9.173,40","9.095,00","158,75M","0,36%"
"04.06.2019","9.117,60","8.972,70","9.138,50","8.964,20","197,02M","1,05%"
"03.06.2019","9.022,80","8.945,70","9.022,80","8.903,10","156,19M","0,21%"
"31.05.2019","9.004,20","9.054,90","9.074,00","8.959,50","208,66M","-1,68%"
"30.05.2019","9.157,80","9.120,80","9.175,20","9.114,10","101,39M","0,85%"
"29.05.2019","9.080,50","9.113,20","9.116,70","9.035,10","148,99M","-1,21%"
"28.05.2019","9.191,80","9.220,40","9.224,90","9.132,90","218,90M","-0,27%"
"27.05.2019","9.216,40","9.225,90","9.294,60","9.204,70","60,18M","0,46%"
"24.05.2019","9.174,60","9.150,30","9.211,10","9.141,40","121,67M","0,66%"
"23.05.2019","9.114,00","9.170,70","9.186,70","9.098,40","161,09M","-1,28%"
"22.05.2019","9.232,20","9.232,30","9.288,70","9.182,50","146,55M","-0,07%"
"21.05.2019","9.239,10","9.229,00","9.255,00","9.185,20","131,58M","0,43%"
"20.05.2019","9.199,70","9.286,00","9.334,90","9.177,90","153,32M","-0,87%"
"17.05.2019","9.280,10","9.278,70","9.321,60","9.223,10","159,80M","-0,26%"
"16.05.2019","9.304,30","9.161,40","9.304,30","9.136,70","157,57M","1,39%"
"15.05.2019","9.177,10","9.143,00","9.177,10","9.061,90","143,43M","0,54%"
"14.05.2019","9.127,60","9.078,20","9.127,60","9.053,60","139,68M","0,89%"
"13.05.2019","9.046,80","9.127,60","9.127,60","9.025,70","147,44M","-0,78%"
"10.05.2019","9.117,50","9.149,40","9.179,40","9.099,10","147,76M","0,25%"
"09.05.2019","9.095,20","9.162,10","9.184,80","9.079,80","167,00M","-1,43%"
"08.05.2019","9.227,00","9.233,90","9.261,20","9.158,30","185,75M","-0,09%"
"07.05.2019","9.235,10","9.332,90","9.404,60","9.221,00","199,27M","-1,03%"
"06.05.2019","9.331,00","9.259,00","9.347,20","9.236,30","121,60M","-0,84%"
"03.05.2019","9.409,60","9.427,90","9.450,70","9.388,70","126,74M","-0,09%"
"02.05.2019","9.418,20","9.545,50","9.559,70","9.412,20","205,61M","-1,59%"
"30.04.2019","9.570,60","9.497,30","9.570,60","9.455,50","186,88M","0,56%"
"29.04.2019","9.517,20","9.435,30","9.517,20","9.414,40","146,30M","0,12%"
"26.04.2019","9.506,00","9.512,10","9.527,40","9.448,80","153,32M","0,05%"
"25.04.2019","9.501,20","9.450,80","9.503,80","9.421,30","147,42M","0,47%"
"24.04.2019","9.456,40","9.506,30","9.525,20","9.427,40","157,93M","-0,74%"
"23.04.2019","9.527,20","9.586,00","9.588,20","9.492,20","159,55M","-0,57%"
"18.04.2019","9.581,90","9.553,70","9.581,90","9.480,00","165,27M","0,34%"
"17.04.2019","9.549,80","9.486,00","9.580,60","9.460,50","193,16M","0,55%"
"16.04.2019","9.497,30","9.492,40","9.543,70","9.462,90","140,51M","0,00%"
"15.04.2019","9.497,10","9.488,10","9.528,40","9.468,10","156,93M","0,30%"
"12.04.2019","9.468,50","9.441,30","9.509,20","9.390,20","212,33M","0,24%"
"11.04.2019","9.445,40","9.423,10","9.468,70","9.372,30","178,53M","0,41%"
"10.04.2019","9.406,50","9.423,50","9.467,50","9.395,20","152,20M","-0,01%"
"09.04.2019","9.407,80","9.428,30","9.511,20","9.388,30","137,60M","-0,32%"
"08.04.2019","9.437,70","9.483,40","9.495,10","9.425,20","121,81M","-0,76%"
"05.04.2019","9.510,30","9.542,40","9.553,60","9.476,50","178,69M","-0,25%"
"04.04.2019","9.534,10","9.488,90","9.551,50","9.472,00","164,76M","0,49%"
"03.04.2019","9.487,80","9.457,10","9.491,20","9.436,50","173,81M","1,33%"
"02.04.2019","9.363,50","9.356,70","9.400,70","9.322,90","152,28M","0,23%"
"01.04.2019","9.341,70","9.304,80","9.355,20","9.269,70","200,87M","1,10%"
"29.03.2019","9.240,30","9.226,50","9.273,80","9.190,50","181,74M","0,72%"
"28.03.2019","9.174,70","9.214,10","9.245,60","9.170,40","153,24M","-0,60%"
"27.03.2019","9.229,90","9.194,80","9.323,50","9.146,10","239,05M","0,51%"
"26.03.2019","9.183,10","9.189,70","9.211,70","9.151,50","168,85M","0,03%"
"25.03.2019","9.179,90","9.159,40","9.232,80","9.127,30","169,09M","-0,21%"
"22.03.2019","9.199,40","9.394,60","9.395,20","9.188,30","216,68M","-1,67%"
"21.03.2019","9.355,60","9.387,40","9.397,60","9.326,20","179,84M","-0,53%"
"20.03.2019","9.405,60","9.467,70","9.509,20","9.405,60","138,67M","-0,91%"
"19.03.2019","9.492,30","9.428,40","9.532,90","9.417,90","150,40M","0,88%"
"18.03.2019","9.409,10","9.350,80","9.418,80","9.343,90","152,58M","0,72%"
"15.03.2019","9.342,20","9.219,50","9.342,20","9.216,10","372,91M","1,44%"
"14.03.2019","9.209,80","9.193,70","9.283,90","9.192,10","155,13M","0,19%"
"13.03.2019","9.192,70","9.134,70","9.202,70","9.123,00","162,61M","0,34%"
"12.03.2019","9.161,70","9.206,90","9.213,80","9.137,20","144,90M","-0,11%"
"11.03.2019","9.171,90","9.157,70","9.181,70","9.106,80","129,69M","0,47%"
"08.03.2019","9.129,30","9.173,20","9.205,50","9.110,50","197,95M","-1,30%"
"07.03.2019","9.249,90","9.301,00","9.366,70","9.216,10","253,05M","-0,50%"
"06.03.2019","9.296,70","9.243,10","9.344,60","9.235,40","140,84M","0,42%"
"05.03.2019","9.258,20","9.255,70","9.298,70","9.204,30","140,18M","-0,02%"
"04.03.2019","9.259,80","9.309,30","9.322,00","9.248,00","112,92M","-0,09%"
"01.03.2019","9.267,70","9.313,50","9.361,40","9.267,70","167,87M","-0,11%"
"28.02.2019","9.277,70","9.166,30","9.293,10","9.141,00","260,63M","0,72%"
"27.02.2019","9.211,70","9.206,20","9.226,20","9.160,90","174,51M","-0,17%"
"26.02.2019","9.227,20","9.172,00","9.235,80","9.141,80","127,10M","0,25%"
"25.02.2019","9.204,30","9.244,20","9.261,40","9.198,80","131,23M","0,00%"
"22.02.2019","9.204,60","9.184,70","9.238,90","9.175,30","131,20M","0,15%"
"21.02.2019","9.191,20","9.202,50","9.224,70","9.162,90","137,60M","0,11%"
"20.02.2019","9.181,10","9.156,80","9.189,70","9.148,70","130,32M","0,49%"
"19.02.2019","9.136,40","9.152,10","9.187,60","9.096,10","117,86M","-0,21%"
"18.02.2019","9.155,50","9.134,60","9.174,70","9.123,60","115,18M","0,35%"
"15.02.2019","9.123,20","8.953,40","9.134,80","8.918,50","208,11M","1,91%"
"14.02.2019","8.952,50","9.035,70","9.038,00","8.943,90","169,67M","-0,33%"
"13.02.2019","8.982,40","8.993,30","9.015,60","8.956,90","155,30M","-0,01%"
"12.02.2019","8.983,10","8.989,50","9.032,30","8.961,40","138,79M","0,52%"
"11.02.2019","8.936,40","8.905,10","8.974,80","8.893,10","132,24M","0,90%"
"08.02.2019","8.856,80","8.915,40","8.928,40","8.826,50","165,21M","-0,91%"
"07.02.2019","8.938,30","9.062,40","9.098,40","8.938,30","178,62M","-1,79%"
"06.02.2019","9.100,90","9.070,40","9.113,70","9.055,80","149,92M","0,10%"
"05.02.2019","9.092,00","8.982,00","9.092,00","8.949,20","210,16M","1,30%"
"04.02.2019","8.975,20","9.015,30","9.036,00","8.905,80","221,48M","-0,49%"
"01.02.2019","9.019,40","9.058,60","9.078,70","8.942,40","286,84M","-0,41%"
"31.01.2019","9.056,70","9.103,80","9.117,10","8.981,70","222,89M","-0,16%"
"30.01.2019","9.071,50","9.123,90","9.142,10","9.034,10","154,21M","-0,52%"
"29.01.2019","9.119,10","9.064,60","9.163,80","9.034,10","144,38M","0,63%"
"28.01.2019","9.062,40","9.149,50","9.181,50","9.048,90","134,49M","-1,34%"
"25.01.2019","9.185,20","9.206,90","9.225,40","9.164,60","161,49M","0,38%"
"24.01.2019","9.150,00","9.150,00","9.205,40","9.088,00","163,42M","0,23%"
"23.01.2019","9.128,80","9.011,90","9.169,70","9.006,40","135,90M","1,01%"
"22.01.2019","9.037,50","9.009,00","9.055,60","9.001,10","143,28M","-0,18%"
"21.01.2019","9.053,80","9.064,80","9.070,60","9.033,20","90,49M","-0,17%"
"18.01.2019","9.069,10","8.962,30","9.080,80","8.950,90","203,55M","1,80%"
"17.01.2019","8.908,60","8.868,10","8.939,10","8.850,60","152,92M","-0,05%"
"16.01.2019","8.912,70","8.869,50","8.912,70","8.836,70","176,32M","0,71%"
"15.01.2019","8.850,10","8.878,40","8.915,90","8.768,20","136,52M","0,36%"
"14.01.2019","8.818,60","8.819,20","8.840,40","8.751,20","126,00M","-0,66%"
"11.01.2019","8.877,10","8.855,90","8.900,40","8.836,00","151,62M","0,23%"
"10.01.2019","8.856,80","8.790,00","8.856,80","8.784,50","148,19M","0,38%"
"09.01.2019","8.823,60","8.887,40","8.892,90","8.807,00","160,46M","-0,27%"
"08.01.2019","8.847,30","8.783,10","8.895,90","8.773,40","160,82M","0,81%"
"07.01.2019","8.776,30","8.781,20","8.783,50","8.710,40","128,76M","0,44%"
"04.01.2019","8.737,80","8.593,80","8.774,30","8.588,10","169,09M","2,52%"
"03.01.2019","8.523,30","8.497,50","8.590,90","8.488,10","135,07M","-0,31%"
"02.01.2019","8.550,00","8.448,30","8.582,40","8.354,80","130,76M","0,12%"
"31.12.2018","8.539,90","8.510,80","8.583,30","8.490,70","64,73M","0,54%"
"28.12.2018","8.493,70","8.386,20","8.513,40","8.378,70","143,83M","1,55%"
"27.12.2018","8.363,90","8.555,60","8.557,70","8.286,20","211,96M","-1,38%"
"24.12.2018","8.480,60","8.490,20","8.528,40","8.471,20","53,51M","-0,89%"
"21.12.2018","8.556,80","8.563,20","8.598,40","8.468,40","389,12M","-0,46%"
"20.12.2018","8.596,50","8.647,80","8.698,50","8.567,00","231,92M","-1,97%"
"19.12.2018","8.769,10","8.720,10","8.804,20","8.717,80","188,36M","0,78%"
"18.12.2018","8.700,80","8.781,10","8.802,10","8.700,80","225,82M","-1,27%"
"17.12.2018","8.812,50","8.862,90","8.906,20","8.807,90","173,09M","-0,83%"
"14.12.2018","8.886,10","8.865,90","8.908,00","8.787,60","151,98M","-0,45%"
"13.12.2018","8.926,30","8.915,80","8.974,90","8.868,60","216,18M","0,82%"
"12.12.2018","8.853,40","8.724,90","8.887,70","8.718,10","219,18M","1,35%"
"11.12.2018","8.735,50","8.709,40","8.826,40","8.671,90","210,51M","0,87%"
"10.12.2018","8.660,00","8.771,00","8.804,60","8.644,00","174,11M","-1,76%"
"07.12.2018","8.815,50","8.819,60","8.914,60","8.805,20","164,63M","0,58%"
"06.12.2018","8.764,50","8.926,00","8.927,40","8.743,70","214,51M","-2,75%"
"05.12.2018","9.012,20","8.983,70","9.048,50","8.945,50","136,51M","-0,55%"
"04.12.2018","9.061,70","9.148,50","9.170,80","9.057,70","164,52M","-1,28%"
"03.12.2018","9.179,60","9.239,80","9.262,10","9.159,10","167,66M","1,13%"
"30.11.2018","9.077,20","9.112,40","9.117,80","9.046,20","207,83M","-0,24%"
"29.11.2018","9.098,90","9.168,90","9.199,60","9.080,70","145,11M","-0,04%"
"28.11.2018","9.102,70","9.120,40","9.163,10","9.096,80","148,53M","0,19%"
"27.11.2018","9.085,60","9.091,70","9.156,40","9.033,00","173,49M","-0,06%"
"26.11.2018","9.091,20","8.984,00","9.104,60","8.984,00","173,69M","1,96%"
"23.11.2018","8.916,70","8.903,20","8.951,10","8.867,70","94,33M","0,12%"
"22.11.2018","8.906,20","8.917,40","8.947,60","8.878,70","118,00M","-0,61%"
"21.11.2018","8.960,60","8.905,70","8.979,20","8.896,30","145,08M","1,06%"
"20.11.2018","8.866,50","8.970,70","8.977,00","8.829,60","176,40M","-1,55%"
"19.11.2018","9.006,30","9.073,80","9.138,30","9.006,30","123,71M","-0,56%"
"16.11.2018","9.056,80","9.111,60","9.131,50","9.015,90","202,08M","-0,18%"
"15.11.2018","9.073,50","9.133,70","9.189,80","9.018,60","184,70M","-0,36%"
"14.11.2018","9.106,60","9.097,80","9.176,40","9.036,70","139,66M","-0,42%"
"13.11.2018","9.145,40","9.097,20","9.163,30","9.074,50","153,90M","0,76%"
"12.11.2018","9.076,30","9.174,80","9.180,60","9.068,30","141,48M","-0,64%"
"09.11.2018","9.134,80","9.117,70","9.156,80","9.079,70","203,27M","-0,46%"
"08.11.2018","9.177,00","9.182,70","9.232,30","9.147,80","147,22M","0,10%"
"07.11.2018","9.167,90","9.165,20","9.174,20","9.117,70","249,73M","1,99%"
"06.11.2018","8.988,90","9.002,30","9.013,10","8.911,30","146,18M","-0,24%"
"05.11.2018","9.010,70","9.005,40","9.065,30","9.002,20","142,75M","0,20%"
"02.11.2018","8.993,00","9.058,70","9.073,50","8.976,50","173,42M","0,43%"
"01.11.2018","8.954,80","8.882,50","8.985,30","8.875,80","169,06M","0,69%"
"31.10.2018","8.893,50","8.911,50","8.962,60","8.883,80","299,96M","0,99%"
"30.10.2018","8.806,10","8.849,50","8.874,00","8.776,20","194,83M","-0,17%"
"29.10.2018","8.821,20","8.775,70","8.882,70","8.752,90","184,72M","1,04%"
"26.10.2018","8.730,40","8.746,10","8.746,10","8.627,60","234,58M","-0,62%"
"25.10.2018","8.785,20","8.639,50","8.797,90","8.637,50","253,39M","1,24%"
"24.10.2018","8.677,40","8.767,00","8.805,50","8.677,40","201,04M","-0,56%"
"23.10.2018","8.726,10","8.715,40","8.781,90","8.681,70","249,66M","-0,91%"
"22.10.2018","8.806,50","8.997,70","9.013,10","8.796,30","197,33M","-0,96%"
"19.10.2018","8.892,10","8.874,70","8.960,20","8.768,60","349,74M","0,03%"
"18.10.2018","8.889,60","8.970,70","9.063,80","8.887,90","313,57M","-1,20%"
"17.10.2018","8.997,20","9.113,40","9.140,30","8.967,10","185,71M","-0,85%"
"16.10.2018","9.074,70","8.967,80","9.096,80","8.934,00","200,18M","1,69%"
"15.10.2018","8.923,70","8.883,10","8.936,50","8.849,40","169,65M","0,24%"
"12.10.2018","8.902,00","9.094,70","9.098,10","8.897,50","168,95M","-1,18%"
"11.10.2018","9.007,90","9.018,40","9.121,00","8.970,80","238,99M","-1,69%"
"10.10.2018","9.162,90","9.243,20","9.273,00","9.158,80","177,15M","-1,05%"
"09.10.2018","9.260,50","9.231,70","9.283,30","9.136,20","171,34M","0,67%"
"08.10.2018","9.199,20","9.227,10","9.243,00","9.167,40","140,67M","-0,59%"
"05.10.2018","9.253,90","9.318,10","9.318,10","9.239,90","133,29M","-0,65%"
"04.10.2018","9.314,50","9.349,00","9.378,70","9.304,70","170,70M","-0,50%"
"03.10.2018","9.361,10","9.360,60","9.424,70","9.300,80","156,82M","0,60%"
"02.10.2018","9.305,50","9.349,10","9.356,10","9.285,10","187,25M","-1,08%"
"01.10.2018","9.407,00","9.384,30","9.475,20","9.367,60","155,28M","0,19%"
"28.09.2018","9.389,20","9.468,00","9.468,90","9.299,60","243,63M","-1,45%"
"27.09.2018","9.527,50","9.492,50","9.542,80","9.406,80","151,51M","0,03%"
"26.09.2018","9.524,80","9.519,60","9.530,30","9.471,10","136,92M","0,33%"
"25.09.2018","9.493,60","9.524,80","9.568,00","9.480,40","141,86M","-0,20%"
"24.09.2018","9.512,80","9.549,90","9.586,00","9.499,90","142,11M","-0,81%"
"21.09.2018","9.590,40","9.614,30","9.665,40","9.563,30","408,47M","0,07%"
"20.09.2018","9.583,70","9.489,50","9.607,00","9.488,30","232,06M","1,03%"
"19.09.2018","9.486,30","9.464,40","9.502,90","9.422,40","205,65M","0,41%"
"18.09.2018","9.447,50","9.406,70","9.453,60","9.385,80","141,91M","0,46%"
"17.09.2018","9.404,60","9.350,30","9.434,40","9.349,90","147,15M","0,42%"
"14.09.2018","9.365,30","9.359,40","9.378,30","9.324,20","132,23M","0,39%"
"13.09.2018","9.329,20","9.308,00","9.387,10","9.296,70","159,38M","0,24%"
"12.09.2018","9.306,80","9.286,50","9.319,70","9.248,70","130,32M","0,24%"
"11.09.2018","9.284,10","9.301,10","9.302,50","9.211,80","122,17M","0,14%"
"10.09.2018","9.270,80","9.173,00","9.300,90","9.161,00","144,74M","1,09%"
"07.09.2018","9.171,20","9.209,20","9.237,90","9.111,10","162,08M","-0,41%"
"06.09.2018","9.208,70","9.267,70","9.291,80","9.208,20","160,95M","-1,00%"
"05.09.2018","9.301,30","9.353,20","9.377,60","9.301,30","180,70M","-0,80%"
"04.09.2018","9.376,30","9.414,70","9.436,10","9.308,70","159,84M","0,00%"
"03.09.2018","9.376,10","9.387,70","9.421,60","9.356,10","89,35M","-0,24%"
"31.08.2018","9.399,10","9.466,30","9.470,60","9.375,10","172,66M","-0,72%"
"30.08.2018","9.467,60","9.546,10","9.574,10","9.445,10","144,31M","-1,06%"
"29.08.2018","9.569,50","9.585,70","9.597,10","9.502,30","104,42M","-0,39%"
"28.08.2018","9.606,50","9.667,60","9.671,10","9.598,40","114,91M","-0,55%"
"27.08.2018","9.659,80","9.631,60","9.662,70","9.596,20","79,60M","0,73%"
"24.08.2018","9.589,50","9.559,70","9.625,80","9.559,70","99,42M","0,23%"
"23.08.2018","9.567,30","9.592,50","9.630,20","9.556,20","93,56M","-0,13%"
"22.08.2018","9.580,20","9.535,50","9.595,40","9.512,40","114,12M","0,33%"
"21.08.2018","9.549,00","9.465,90","9.591,00","9.459,40","110,66M","0,85%"
"20.08.2018","9.468,60","9.448,90","9.512,50","9.437,10","95,32M","0,54%"
"17.08.2018","9.417,30","9.450,30","9.457,00","9.357,60","141,12M","-0,11%"
"16.08.2018","9.427,40","9.440,80","9.458,90","9.384,70","138,15M","0,43%"
"15.08.2018","9.386,80","9.537,00","9.547,60","9.339,50","163,61M","-1,26%"
"14.08.2018","9.507,00","9.574,80","9.596,30","9.476,90","164,12M","-0,25%"
"13.08.2018","9.530,40","9.543,80","9.558,40","9.475,10","177,47M","-0,75%"
"10.08.2018","9.602,10","9.669,60","9.675,60","9.557,40","224,94M","-1,56%"
"09.08.2018","9.754,60","9.745,20","9.756,70","9.693,20","108,33M","0,08%"
"08.08.2018","9.747,10","9.763,90","9.794,00","9.700,40","107,99M","-0,26%"
"07.08.2018","9.772,80","9.751,80","9.813,60","9.743,40","101,97M","0,52%"
"06.08.2018","9.722,70","9.758,40","9.788,40","9.699,30","114,09M","-0,18%"
"03.08.2018","9.739,80","9.710,30","9.762,70","9.671,20","146,43M","0,43%"
"02.08.2018","9.698,20","9.765,90","9.783,80","9.666,60","196,96M","-1,03%"
"01.08.2018","9.799,30","9.871,10","9.902,30","9.795,10","136,28M","-0,72%"
"31.07.2018","9.870,70","9.846,20","9.924,40","9.843,50","203,08M","0,17%"
"30.07.2018","9.854,10","9.827,90","9.905,30","9.825,10","140,60M","-0,14%"
"27.07.2018","9.867,90","9.781,60","9.896,00","9.775,90","230,69M","0,90%"
"26.07.2018","9.780,00","9.741,20","9.789,70","9.732,50","184,76M","0,79%"
"25.07.2018","9.703,10","9.769,80","9.771,70","9.686,20","149,29M","-0,72%"
"24.07.2018","9.773,10","9.775,90","9.820,10","9.753,90","160,66M","0,48%"
"23.07.2018","9.726,10","9.699,70","9.747,60","9.661,40","116,98M","0,01%"
"20.07.2018","9.724,80","9.710,40","9.751,30","9.654,30","162,18M","0,04%"
"19.07.2018","9.721,10","9.748,90","9.796,70","9.696,20","147,19M","-0,33%"
"18.07.2018","9.753,20","9.739,10","9.753,20","9.672,70","143,48M","0,35%"
"17.07.2018","9.719,40","9.716,40","9.759,50","9.643,90","175,05M","0,03%"
"16.07.2018","9.716,90","9.733,60","9.781,10","9.697,10","113,17M","-0,18%"
"13.07.2018","9.734,80","9.807,50","9.807,50","9.717,60","132,53M","-0,33%"
"12.07.2018","9.767,40","9.774,80","9.784,80","9.694,40","128,90M","0,35%"
"11.07.2018","9.733,60","9.822,50","9.833,40","9.733,60","175,89M","-1,57%"
"10.07.2018","9.889,30","9.935,60","9.938,00","9.873,30","147,68M","-0,38%"
"09.07.2018","9.927,00","9.923,50","9.971,60","9.912,70","130,08M","0,22%"
"06.07.2018","9.905,00","9.905,00","9.926,90","9.833,20","166,58M","0,39%"
"05.07.2018","9.866,20","9.773,50","9.919,50","9.773,50","184,52M","1,11%"
"04.07.2018","9.757,50","9.643,80","9.767,20","9.642,80","137,32M","1,00%"
"03.07.2018","9.660,90","9.591,60","9.693,40","9.556,10","134,42M","1,07%"
"02.07.2018","9.558,30","9.526,30","9.591,00","9.443,50","153,11M","-0,67%"
"29.06.2018","9.622,70","9.671,10","9.741,30","9.620,30","200,36M","0,35%"
"28.06.2018","9.589,00","9.603,60","9.669,20","9.541,90","144,70M","-0,72%"
"27.06.2018","9.658,60","9.636,60","9.723,90","9.506,60","182,58M","0,22%"
"26.06.2018","9.637,40","9.670,30","9.699,80","9.619,10","158,75M","0,20%"
"25.06.2018","9.617,90","9.711,40","9.737,90","9.617,90","151,25M","-1,78%"
"22.06.2018","9.792,10","9.738,90","9.799,50","9.724,90","155,31M","0,93%"
"21.06.2018","9.702,10","9.824,40","9.844,00","9.683,40","161,70M","-0,89%"
"20.06.2018","9.788,90","9.835,00","9.876,80","9.788,90","164,70M","0,34%"
"19.06.2018","9.755,40","9.656,60","9.782,60","9.598,50","172,89M","-0,14%"
"18.06.2018","9.769,40","9.818,00","9.859,50","9.717,00","145,64M","-0,83%"
"15.06.2018","9.851,00","9.980,10","9.985,90","9.798,90","377,07M","-1,07%"
"14.06.2018","9.957,70","9.862,40","9.973,90","9.836,50","180,25M","0,59%"
"13.06.2018","9.899,10","9.900,20","9.923,90","9.838,30","172,85M","-0,15%"
"12.06.2018","9.914,40","9.940,60","9.961,60","9.901,60","158,18M","0,16%"
"11.06.2018","9.898,30","9.835,00","9.915,20","9.799,10","199,95M","1,56%"
"08.06.2018","9.746,30","9.762,70","9.772,20","9.713,20","176,05M","-0,84%"
"07.06.2018","9.829,00","9.844,20","9.940,60","9.814,80","190,78M","0,38%"
"06.06.2018","9.791,60","9.702,70","9.793,80","9.654,40","202,43M","1,09%"
"05.06.2018","9.686,40","9.730,60","9.812,90","9.686,40","183,42M","-0,66%"
"04.06.2018","9.750,30","9.716,30","9.830,70","9.686,80","193,67M","1,22%"
"01.06.2018","9.632,40","9.544,70","9.677,50","9.529,00","238,95M","1,76%"
"31.05.2018","9.465,50","9.625,10","9.649,00","9.400,30","355,89M","-1,05%"
"30.05.2018","9.566,20","9.553,00","9.618,30","9.477,20","283,88M","0,47%"
"29.05.2018","9.521,30","9.668,40","9.668,40","9.447,60","364,03M","-2,49%"
"28.05.2018","9.764,40","9.891,40","9.921,40","9.732,60","155,74M","-0,63%"
"25.05.2018","9.826,50","10.031,00","10.053,10","9.722,80","298,27M","-1,70%"
"24.05.2018","9.996,00","10.045,50","10.092,50","9.964,00","155,88M","-0,29%"
"23.05.2018","10.025,00","10.101,80","10.101,80","9.957,80","157,92M","-1,12%"
"22.05.2018","10.138,80","10.081,50","10.156,40","10.060,80","145,40M","0,72%"
"21.05.2018","10.066,50","10.155,20","10.155,90","10.055,80","110,38M","-0,45%"
"18.05.2018","10.112,40","10.209,30","10.221,00","10.088,40","249,55M","-1,02%"
"17.05.2018","10.216,40","10.120,80","10.216,40","10.108,50","153,62M","1,04%"
"16.05.2018","10.111,00","10.189,80","10.194,20","10.089,80","212,00M","-0,95%"
"15.05.2018","10.207,60","10.237,90","10.265,00","10.159,10","152,74M","-0,49%"
"14.05.2018","10.257,80","10.277,20","10.291,40","10.215,30","108,96M","-0,13%"
"11.05.2018","10.271,40","10.245,20","10.284,50","10.242,10","120,33M","0,24%"
"10.05.2018","10.246,60","10.243,30","10.257,10","10.191,10","116,75M","0,25%"
"09.05.2018","10.221,20","10.163,70","10.222,70","10.138,90","133,26M","0,52%"
"08.05.2018","10.168,10","10.135,10","10.180,50","10.091,90","177,96M","0,27%"
"07.05.2018","10.140,90","10.114,20","10.148,60","10.106,30","89,76M","0,36%"
"04.05.2018","10.104,10","10.047,10","10.104,10","10.029,40","162,05M","0,65%"
"03.05.2018","10.038,80","10.080,70","10.095,20","10.017,60","140,96M","-0,50%"
"02.05.2018","10.088,90","9.982,60","10.098,90","9.981,40","157,39M","1,09%"
"30.04.2018","9.980,60","9.924,00","9.995,40","9.916,10","142,92M","0,56%"
"27.04.2018","9.925,40","9.894,20","9.947,30","9.883,80","139,09M","0,23%"
"26.04.2018","9.902,30","9.871,50","9.914,70","9.856,70","131,27M","0,45%"
"25.04.2018","9.858,00","9.829,20","9.858,40","9.793,00","161,12M","-0,26%"
"24.04.2018","9.883,40","9.922,70","9.939,40","9.848,40","188,82M","-0,39%"
"23.04.2018","9.922,00","9.898,60","9.922,00","9.862,60","118,07M","0,38%"
"20.04.2018","9.884,20","9.864,40","9.908,00","9.847,10","139,38M","0,16%"
"19.04.2018","9.868,00","9.861,80","9.902,70","9.838,80","120,80M","0,11%"
"18.04.2018","9.857,30","9.814,50","9.871,30","9.800,30","146,90M","0,54%"
"17.04.2018","9.803,90","9.785,40","9.824,40","9.762,30","112,40M","0,39%"
"16.04.2018","9.766,10","9.768,70","9.796,50","9.747,30","100,40M","-0,01%"
"13.04.2018","9.767,30","9.764,00","9.858,90","9.744,40","137,08M","0,21%"
"12.04.2018","9.747,00","9.733,00","9.767,60","9.706,10","127,53M","0,12%"
"11.04.2018","9.735,80","9.742,60","9.786,30","9.717,30","122,93M","-0,28%"
"10.04.2018","9.763,50","9.798,50","9.806,00","9.738,70","125,80M","0,21%"
"09.04.2018","9.742,80","9.735,10","9.790,20","9.716,80","99,21M","0,62%"
"06.04.2018","9.682,80","9.688,30","9.734,20","9.658,90","114,95M","-0,60%"
"05.04.2018","9.740,90","9.637,50","9.761,80","9.616,70","162,49M","2,39%"
"04.04.2018","9.513,30","9.555,50","9.560,40","9.417,30","151,22M","-0,38%"
"03.04.2018","9.549,60","9.532,10","9.577,50","9.500,00","129,87M","-0,53%"
"29.03.2018","9.600,40","9.595,60","9.657,50","9.581,70","153,27M","0,48%"
"28.03.2018","9.555,00","9.397,80","9.555,00","9.348,90","177,67M","0,86%"
"27.03.2018","9.473,60","9.518,20","9.519,20","9.441,60","137,67M","0,99%"
"26.03.2018","9.381,00","9.418,10","9.460,60","9.343,30","159,53M","-0,13%"
"23.03.2018","9.393,10","9.399,20","9.428,90","9.327,60","227,00M","-0,99%"
"22.03.2018","9.487,40","9.580,40","9.648,30","9.432,60","199,76M","-1,49%"
"21.03.2018","9.630,90","9.701,50","9.702,40","9.592,10","145,64M","-0,52%"
"20.03.2018","9.681,60","9.676,30","9.693,20","9.608,50","129,60M","0,18%"
"19.03.2018","9.664,10","9.733,90","9.747,30","9.646,00","123,28M","-0,99%"
"16.03.2018","9.761,00","9.676,20","9.800,80","9.664,00","313,97M","0,79%"
"15.03.2018","9.684,20","9.715,30","9.720,60","9.647,50","146,82M","-0,04%"
"14.03.2018","9.688,50","9.698,90","9.737,40","9.632,20","159,02M","-0,03%"
"13.03.2018","9.691,70","9.737,20","9.811,40","9.670,70","151,21M","-0,37%"
"12.03.2018","9.727,50","9.747,40","9.761,30","9.702,50","110,66M","0,43%"
"09.03.2018","9.686,10","9.651,00","9.704,90","9.631,50","117,28M","0,41%"
"08.03.2018","9.646,20","9.617,00","9.666,40","9.564,20","144,63M","0,49%"
"07.03.2018","9.599,30","9.561,30","9.612,40","9.547,10","132,06M","0,13%"
"06.03.2018","9.586,80","9.663,60","9.677,00","9.586,30","143,03M","-0,04%"
"05.03.2018","9.590,80","9.500,00","9.604,20","9.494,50","147,00M","0,63%"
"02.03.2018","9.531,10","9.680,00","9.680,00","9.510,80","208,31M","-2,13%"
"01.03.2018","9.738,60","9.795,30","9.808,90","9.715,20","161,71M","-1,03%"
"28.02.2018","9.840,30","9.869,80","9.887,20","9.830,20","203,42M","-0,61%"
"27.02.2018","9.900,20","9.930,30","9.937,20","9.863,40","153,54M","-0,02%"
"26.02.2018","9.902,40","9.888,40","9.915,10","9.841,70","156,60M","0,81%"
"23.02.2018","9.822,40","9.882,90","9.891,10","9.764,90","181,44M","-0,55%"
"22.02.2018","9.876,50","9.767,60","9.903,10","9.744,90","175,18M","0,54%"
"21.02.2018","9.823,30","9.874,50","9.876,10","9.777,50","155,38M","-0,73%"
"20.02.2018","9.895,30","9.806,90","9.901,10","9.806,90","153,24M","0,91%"
"19.02.2018","9.806,20","9.865,10","9.905,40","9.797,20","122,82M","-0,26%"
"16.02.2018","9.832,10","9.785,20","9.839,70","9.768,70","188,85M","1,21%"
"15.02.2018","9.714,90","9.770,70","9.832,10","9.674,90","165,51M","0,30%"
"14.02.2018","9.686,20","9.715,70","9.743,90","9.595,90","178,71M","0,37%"
"13.02.2018","9.650,70","9.788,50","9.797,40","9.650,70","164,80M","-1,23%"
"12.02.2018","9.771,10","9.760,10","9.815,20","9.731,00","170,17M","1,36%"
"09.02.2018","9.639,60","9.710,90","9.752,20","9.581,10","255,50M","-1,20%"
"08.02.2018","9.756,30","9.928,50","9.959,80","9.726,50","228,48M","-2,21%"
"07.02.2018","9.976,90","9.950,80","9.988,50","9.811,70","234,40M","1,70%"
"06.02.2018","9.810,00","9.794,90","9.967,30","9.721,50","313,30M","-2,53%"
"05.02.2018","10.064,50","10.138,40","10.173,80","10.058,50","195,01M","-1,44%"
"02.02.2018","10.211,20","10.359,30","10.369,20","10.205,30","203,69M","-1,81%"
"01.02.2018","10.399,00","10.518,30","10.543,70","10.359,40","197,54M","-0,50%"
"31.01.2018","10.451,50","10.436,40","10.482,70","10.422,10","190,19M","0,22%"
"30.01.2018","10.428,20","10.481,90","10.506,40","10.416,20","180,47M","-1,21%"
"29.01.2018","10.555,60","10.605,50","10.605,70","10.540,00","150,49M","-0,38%"
"26.01.2018","10.595,40","10.598,60","10.635,10","10.563,20","139,54M","0,00%"
"25.01.2018","10.595,30","10.564,60","10.630,50","10.559,70","183,93M","0,31%"
"24.01.2018","10.563,00","10.595,30","10.617,20","10.563,00","129,49M","-0,44%"
"23.01.2018","10.609,50","10.640,30","10.643,40","10.583,70","168,20M","0,24%"
"22.01.2018","10.584,00","10.503,60","10.601,90","10.488,30","179,08M","1,00%"
"19.01.2018","10.479,50","10.417,50","10.500,10","10.396,20","143,56M","0,45%"
"18.01.2018","10.432,70","10.500,10","10.509,20","10.403,20","123,09M","-0,40%"
"17.01.2018","10.474,60","10.475,60","10.504,90","10.441,20","144,36M","-0,44%"
"16.01.2018","10.520,40","10.479,00","10.572,90","10.466,20","160,06M","0,51%"
"15.01.2018","10.467,20","10.471,60","10.493,70","10.446,90","112,26M","0,05%"
"12.01.2018","10.462,40","10.463,70","10.492,20","10.443,40","154,55M","0,26%"
"11.01.2018","10.435,20","10.435,90","10.475,00","10.401,20","208,92M","0,07%"
"10.01.2018","10.428,30","10.423,20","10.474,90","10.399,10","210,84M","0,02%"
"09.01.2018","10.426,50","10.400,90","10.461,90","10.385,60","132,57M","0,27%"
"08.01.2018","10.398,40","10.439,80","10.456,90","10.398,40","135,17M","-0,12%"
"05.01.2018","10.411,40","10.343,10","10.411,40","10.343,10","145,84M","0,94%"
"04.01.2018","10.314,40","10.154,60","10.325,00","10.151,00","189,79M","1,96%"
"03.01.2018","10.116,00","10.101,40","10.145,20","10.083,60","137,80M","0,37%"
"02.01.2018","10.079,10","10.089,60","10.097,90","10.017,00","146,99M","0,35%"